Stock,Model,Hypothesis,Regime,MAE,RMSE,R2,Direction_Accuracy
HILS,SVR,H1,Overall,0.06937727095684457,0.08779231381670044,-5.974245551746104,0.45585585585585586
HILS,SVR,H1,HighVol,0.06937727095684457,0.08779231381670044,-5.974245551746104,0.45585585585585586
HILS,RF,H1,Overall,0.0386313988483698,0.04955621676878178,-1.2221866363391847,0.5009009009009009
HILS,RF,H1,HighVol,0.0386313988483698,0.04955621676878178,-1.2221866363391847,0.5009009009009009
HILS,LSTM_MLP,H1,Overall,0.04788970913117646,0.06095247378182858,-2.3617616321441113,0.4828828828828829
HILS,LSTM_MLP,H1,HighVol,0.04788970913117646,0.06095247378182858,-2.3617616321441113,0.4828828828828829
NRR,SVR,H1,Overall,0.04241525733879807,0.05382464290101978,-1.6137034197080173,0.5117117117117117
NRR,SVR,H1,HighVol,0.04241525733879807,0.05382464290101978,-1.6137034197080173,0.5117117117117117
NRR,RF,H1,Overall,0.03236109903696666,0.04271972763854126,-0.6464590820340033,0.5063063063063064
NRR,RF,H1,HighVol,0.03236109903696666,0.04271972763854126,-0.6464590820340033,0.5063063063063064
NRR,LSTM_MLP,H1,Overall,0.04386968400984773,0.05523790497107451,-1.7527602527370618,0.5027027027027027
NRR,LSTM_MLP,H1,HighVol,0.04386968400984773,0.05523790497107451,-1.7527602527370618,0.5027027027027027
TLW,SVR,H1,Overall,0.1443963060864518,0.18758101639916033,-6.597672473965862,0.4828828828828829
TLW,SVR,H1,HighVol,0.1443963060864518,0.18758101639916033,-6.597672473965862,0.4828828828828829
TLW,RF,H1,Overall,0.060212535191815526,0.07693040435198462,-0.27790576251024457,0.46306306306306305
TLW,RF,H1,HighVol,0.060212535191815526,0.07693040435198462,-0.27790576251024457,0.46306306306306305
TLW,LSTM_MLP,H1,Overall,0.0643172163595222,0.0818130993391402,-0.4452683399023891,0.4972972972972973
TLW,LSTM_MLP,H1,HighVol,0.0643172163595222,0.0818130993391402,-0.4452683399023891,0.4972972972972973
TTG,SVR,H1,Overall,0.08511565200985767,0.11989039918591418,-1.6110180908194147,0.44684684684684683
TTG,SVR,H1,HighVol,0.08511565200985767,0.11989039918591418,-1.6110180908194147,0.44684684684684683
TTG,RF,H1,Overall,0.07126173190405011,0.10337575321802461,-0.9412364723438011,0.46846846846846846
TTG,RF,H1,HighVol,0.07126173190405011,0.10337575321802461,-0.9412364723438011,0.46846846846846846
TTG,LSTM_MLP,H1,Overall,0.09150058919548366,0.13402826878147375,-2.263126305538253,0.5369369369369369
TTG,LSTM_MLP,H1,HighVol,0.09150058919548366,0.13402826878147375,-2.263126305538253,0.5369369369369369
VID,SVR,H1,Overall,0.053601559422790594,0.08612983908205427,-0.13317556524270224,0.4936936936936937
VID,SVR,H1,HighVol,0.053601559422790594,0.08612983908205427,-0.13317556524270224,0.4936936936936937
VID,RF,H1,Overall,0.10130332472867778,0.12764327712722573,-1.4887760634559695,0.37117117117117115
VID,RF,H1,HighVol,0.10130332472867778,0.12764327712722573,-1.4887760634559695,0.37117117117117115
VID,LSTM_MLP,H1,Overall,0.17911359324179082,0.22309636167327038,-6.602823440725051,0.527927927927928
VID,LSTM_MLP,H1,HighVol,0.17911359324179082,0.22309636167327038,-6.602823440725051,0.527927927927928
AZN,SVR,H1,Overall,0.031091991176203513,0.04065833447252121,-0.7070172551326965,0.5477477477477477
AZN,SVR,H1,HighVol,0.031091991176203513,0.04065833447252121,-0.7070172551326965,0.5477477477477477
AZN,RF,H1,Overall,0.0276763564008841,0.03656615548566456,-0.3806937086487121,0.5099099099099099
AZN,RF,H1,HighVol,0.0276763564008841,0.03656615548566456,-0.3806937086487121,0.5099099099099099
AZN,LSTM_MLP,H1,Overall,0.04950334788303547,0.07046778493327678,-4.1276690016643816,0.5063063063063064
AZN,LSTM_MLP,H1,HighVol,0.04950334788303547,0.07046778493327678,-4.1276690016643816,0.5063063063063064
SPX,SVR,H1,Overall,0.032600481548987204,0.0411467907021875,-0.2680620861083154,0.5459459459459459
SPX,SVR,H1,HighVol,0.032600481548987204,0.0411467907021875,-0.2680620861083154,0.5459459459459459
SPX,RF,H1,Overall,0.03129783703200154,0.038853741337292205,-0.13066584155401584,0.47387387387387386
SPX,RF,H1,HighVol,0.03129783703200154,0.038853741337292205,-0.13066584155401584,0.47387387387387386
SPX,LSTM_MLP,H1,Overall,0.06568805974326435,0.08304695487374672,-4.165543318168524,0.5351351351351351
SPX,LSTM_MLP,H1,HighVol,0.06568805974326435,0.08304695487374672,-4.165543318168524,0.5351351351351351
SYNT,SVR,H1,Overall,0.12156488248247015,0.16883306992651267,-2.419264379370001,0.5927927927927928
SYNT,SVR,H1,HighVol,0.12156488248247015,0.16883306992651267,-2.419264379370001,0.5927927927927928
SYNT,RF,H1,Overall,0.19550412650701424,0.2265807604800253,-5.1583406362817215,0.5891891891891892
SYNT,RF,H1,HighVol,0.19550412650701424,0.2265807604800253,-5.1583406362817215,0.5891891891891892
SYNT,LSTM_MLP,H1,Overall,0.23178308246673426,0.2639069901178251,-7.354480203496198,0.5945945945945946
SYNT,LSTM_MLP,H1,HighVol,0.23178308246673426,0.2639069901178251,-7.354480203496198,0.5945945945945946
VP,SVR,H1,Overall,0.03642537384982145,0.047935437155672424,-0.6905179137317077,0.4954954954954955
VP,SVR,H1,HighVol,0.03642537384982145,0.047935437155672424,-0.6905179137317077,0.4954954954954955
VP,RF,H1,Overall,0.036869215086899665,0.0503459773911415,-0.8648158222893407,0.4954954954954955
VP,RF,H1,HighVol,0.036869215086899665,0.0503459773911415,-0.8648158222893407,0.4954954954954955
VP,LSTM_MLP,H1,Overall,0.05595112216058507,0.07263589764618458,-2.881584173509573,0.4144144144144144
VP,LSTM_MLP,H1,HighVol,0.05595112216058507,0.07263589764618458,-2.881584173509573,0.4144144144144144
SRE,SVR,H1,Overall,0.03710478231822494,0.04688800055027942,-0.6149721937828223,0.4756756756756757
SRE,SVR,H1,HighVol,0.03710478231822494,0.04688800055027942,-0.6149721937828223,0.4756756756756757
SRE,RF,H1,Overall,0.031334674861345675,0.039590392729532714,-0.15138678885136647,0.4918918918918919
SRE,RF,H1,HighVol,0.031334674861345675,0.039590392729532714,-0.15138678885136647,0.4918918918918919
SRE,LSTM_MLP,H1,Overall,0.06418076567671309,0.07743176042970944,-3.4043303747924423,0.5351351351351351
SRE,LSTM_MLP,H1,HighVol,0.06418076567671309,0.07743176042970944,-3.4043303747924423,0.5351351351351351
MGAM,SVR,H1,Overall,0.029779555998677123,0.03773769500744707,-0.16692355037112283,0.4702702702702703
MGAM,SVR,H1,HighVol,0.029779555998677123,0.03773769500744707,-0.16692355037112283,0.4702702702702703
MGAM,RF,H1,Overall,0.026611035506008657,0.03495872351551656,-0.0013889551598118555,0.5063063063063064
MGAM,RF,H1,HighVol,0.026611035506008657,0.03495872351551656,-0.0013889551598118555,0.5063063063063064
MGAM,LSTM_MLP,H1,Overall,0.05865532072226944,0.07305887069708016,-3.3735850254327318,0.4666666666666667
MGAM,LSTM_MLP,H1,HighVol,0.05865532072226944,0.07305887069708016,-3.3735850254327318,0.4666666666666667
ICGT,SVR,H1,Overall,0.04013268757409686,0.04931544400605481,-1.8773470141592945,0.4828828828828829
ICGT,SVR,H1,HighVol,0.04013268757409686,0.04931544400605481,-1.8773470141592945,0.4828828828828829
ICGT,RF,H1,Overall,0.026236985564315567,0.03321452387820351,-0.3052160612458832,0.4846846846846847
ICGT,RF,H1,HighVol,0.026236985564315567,0.03321452387820351,-0.3052160612458832,0.4846846846846847
ICGT,LSTM_MLP,H1,Overall,0.0469298089759577,0.05920535472399703,-3.1471364197581453,0.4864864864864865
ICGT,LSTM_MLP,H1,HighVol,0.0469298089759577,0.05920535472399703,-3.1471364197581453,0.4864864864864865
PAY,SVR,H1,Overall,0.031208595857295615,0.04050188496957429,-0.1325262085118526,0.46126126126126127
PAY,SVR,H1,HighVol,0.031208595857295615,0.04050188496957429,-0.1325262085118526,0.46126126126126127
PAY,RF,H1,Overall,0.058743791593441085,0.06997024508965254,-2.3800613234815455,0.4990990990990991
PAY,RF,H1,HighVol,0.058743791593441085,0.06997024508965254,-2.3800613234815455,0.4990990990990991
PAY,LSTM_MLP,H1,Overall,0.0789716967119762,0.10279464203311792,-6.295225930049277,0.4972972972972973
PAY,LSTM_MLP,H1,HighVol,0.0789716967119762,0.10279464203311792,-6.295225930049277,0.4972972972972973
BIOG,SVR,H1,Overall,0.03851499653433298,0.04825978260322912,-1.3086679284317433,0.527927927927928
BIOG,SVR,H1,HighVol,0.03851499653433298,0.04825978260322912,-1.3086679284317433,0.527927927927928
BIOG,RF,H1,Overall,0.025907263306168434,0.03320817512244227,-0.09315254114671934,0.5081081081081081
BIOG,RF,H1,HighVol,0.025907263306168434,0.03320817512244227,-0.09315254114671934,0.5081081081081081
BIOG,LSTM_MLP,H1,Overall,0.04975865071846061,0.062139907331467174,-2.827647628280671,0.47927927927927927
BIOG,LSTM_MLP,H1,HighVol,0.04975865071846061,0.062139907331467174,-2.827647628280671,0.47927927927927927
GSK,SVR,H1,Overall,0.02832903275057141,0.03522862757870892,-0.6402429941588283,0.5099099099099099
GSK,SVR,H1,HighVol,0.02832903275057141,0.03522862757870892,-0.6402429941588283,0.5099099099099099
GSK,RF,H1,Overall,0.02389876843573576,0.030398721162816323,-0.22131409724975315,0.5387387387387388
GSK,RF,H1,HighVol,0.02389876843573576,0.030398721162816323,-0.22131409724975315,0.5387387387387388
GSK,LSTM_MLP,H1,Overall,0.08983603287720565,0.11921277326789445,-17.78288609734881,0.5171171171171172
GSK,LSTM_MLP,H1,HighVol,0.08983603287720565,0.11921277326789445,-17.78288609734881,0.5171171171171172
JCGI,SVR,H1,Overall,0.03976582417229724,0.051882260852571895,-0.13001715187969443,0.4954954954954955
JCGI,SVR,H1,HighVol,0.03976582417229724,0.051882260852571895,-0.13001715187969443,0.4954954954954955
JCGI,RF,H1,Overall,0.036731532133874804,0.050221517725745464,-0.058831653851336485,0.4720720720720721
JCGI,RF,H1,HighVol,0.036731532133874804,0.050221517725745464,-0.058831653851336485,0.4720720720720721
JCGI,LSTM_MLP,H1,Overall,0.07545917364871269,0.09596751914446865,-2.8663021026841884,0.5117117117117117
JCGI,LSTM_MLP,H1,HighVol,0.07545917364871269,0.09596751914446865,-2.8663021026841884,0.5117117117117117
IBT,SVR,H1,Overall,0.02484405227643263,0.03143454492159559,-0.45601863464938486,0.4918918918918919
IBT,SVR,H1,HighVol,0.02484405227643263,0.03143454492159559,-0.45601863464938486,0.4918918918918919
IBT,RF,H1,Overall,0.019822160176421976,0.025858124195493375,0.014749616856836956,0.5333333333333333
IBT,RF,H1,HighVol,0.019822160176421976,0.025858124195493375,0.014749616856836956,0.5333333333333333
IBT,LSTM_MLP,H1,Overall,0.03783655002608274,0.049100149769230904,-2.5523701497936644,0.4972972972972973
IBT,LSTM_MLP,H1,HighVol,0.03783655002608274,0.049100149769230904,-2.5523701497936644,0.4972972972972973
BGCG,SVR,H1,Overall,0.04071912120479417,0.05133633913588651,-0.61813645570392,0.4486486486486487
BGCG,SVR,H1,HighVol,0.04071912120479417,0.05133633913588651,-0.61813645570392,0.4486486486486487
BGCG,RF,H1,Overall,0.028833435802125745,0.040151620778583086,0.010145154008214252,0.47927927927927927
BGCG,RF,H1,HighVol,0.028833435802125745,0.040151620778583086,0.010145154008214252,0.47927927927927927
BGCG,LSTM_MLP,H1,Overall,0.06454575969021456,0.08606333933632716,-3.547803986016863,0.47927927927927927
BGCG,LSTM_MLP,H1,HighVol,0.06454575969021456,0.08606333933632716,-3.547803986016863,0.47927927927927927
BKG,SVR,H1,Overall,0.03506648658310217,0.044430724209515986,-1.0024513841143743,0.47927927927927927
BKG,SVR,H1,HighVol,0.03506648658310217,0.044430724209515986,-1.0024513841143743,0.47927927927927927
BKG,RF,H1,Overall,0.026443325584617768,0.034456843109915605,-0.20433183776355035,0.5711711711711712
BKG,RF,H1,HighVol,0.026443325584617768,0.034456843109915605,-0.20433183776355035,0.5711711711711712
BKG,LSTM_MLP,H1,Overall,0.04065016782343951,0.05297558379537906,-1.8467327610056117,0.5243243243243243
BKG,LSTM_MLP,H1,HighVol,0.04065016782343951,0.05297558379537906,-1.8467327610056117,0.5243243243243243
FRAS,SVR,H1,Overall,0.0624716469079699,0.07681311735675925,-2.7802201238735034,0.4990990990990991
FRAS,SVR,H1,HighVol,0.0624716469079699,0.07681311735675925,-2.7802201238735034,0.4990990990990991
FRAS,RF,H1,Overall,0.049727796155982634,0.06299246919061725,-1.5422811231381055,0.4846846846846847
FRAS,RF,H1,HighVol,0.049727796155982634,0.06299246919061725,-1.5422811231381055,0.4846846846846847
FRAS,LSTM_MLP,H1,Overall,0.07177006702724022,0.08359795754504107,-3.4775211108677633,0.5045045045045045
FRAS,LSTM_MLP,H1,HighVol,0.07177006702724022,0.08359795754504107,-3.4775211108677633,0.5045045045045045
GNS,SVR,H1,Overall,0.049206148970790994,0.06271230355848033,-0.5282563705382528,0.4828828828828829
GNS,SVR,H1,HighVol,0.049206148970790994,0.06271230355848033,-0.5282563705382528,0.4828828828828829
GNS,RF,H1,Overall,0.047584884778645115,0.06213664973999605,-0.5003285527033356,0.5225225225225225
GNS,RF,H1,HighVol,0.047584884778645115,0.06213664973999605,-0.5003285527033356,0.5225225225225225
GNS,LSTM_MLP,H1,Overall,0.06323940332876639,0.08105763874677804,-1.5531633654482464,0.5171171171171172
GNS,LSTM_MLP,H1,HighVol,0.06323940332876639,0.08105763874677804,-1.5531633654482464,0.5171171171171172
VANQ,SVR,H1,Overall,0.09335318214607133,0.13989777451551566,-0.7805283193584158,0.46306306306306305
VANQ,SVR,H1,HighVol,0.09335318214607133,0.13989777451551566,-0.7805283193584158,0.46306306306306305
VANQ,RF,H1,Overall,0.11852942513273884,0.16352381905871563,-1.4327042660199032,0.47387387387387386
VANQ,RF,H1,HighVol,0.11852942513273884,0.16352381905871563,-1.4327042660199032,0.47387387387387386
VANQ,LSTM_MLP,H1,Overall,0.09107213797788856,0.13877913917800652,-0.7521676288522761,0.4990990990990991
VANQ,LSTM_MLP,H1,HighVol,0.09107213797788856,0.13877913917800652,-0.7521676288522761,0.4990990990990991
MCB,SVR,H1,Overall,0.07466136233206115,0.09668525883508931,-0.7338762243978731,0.4954954954954955
MCB,SVR,H1,HighVol,0.07466136233206115,0.09668525883508931,-0.7338762243978731,0.4954954954954955
MCB,RF,H1,Overall,0.0582989704159384,0.08295808533036318,-0.2764829049967341,0.4864864864864865
MCB,RF,H1,HighVol,0.0582989704159384,0.08295808533036318,-0.2764829049967341,0.4864864864864865
MCB,LSTM_MLP,H1,Overall,0.08021737794958089,0.1031418894509154,-0.9731846528503132,0.4756756756756757
MCB,LSTM_MLP,H1,HighVol,0.08021737794958089,0.1031418894509154,-0.9731846528503132,0.4756756756756757
ZIG,SVR,H1,Overall,0.04009354939504216,0.051260123684389536,-1.3019490607078317,0.4540540540540541
ZIG,SVR,H1,HighVol,0.04009354939504216,0.051260123684389536,-1.3019490607078317,0.4540540540540541
ZIG,RF,H1,Overall,0.033862501719644146,0.044204024759261364,-0.7118276481226586,0.5603603603603604
ZIG,RF,H1,HighVol,0.033862501719644146,0.044204024759261364,-0.7118276481226586,0.5603603603603604
ZIG,LSTM_MLP,H1,Overall,0.09237830266710642,0.11676126231127132,-10.943564865171862,0.4900900900900901
ZIG,LSTM_MLP,H1,HighVol,0.09237830266710642,0.11676126231127132,-10.943564865171862,0.4900900900900901
EVOK,SVR,H1,Overall,0.13568884362719694,0.16445760802601703,-2.17409566916912,0.5243243243243243
EVOK,SVR,H1,HighVol,0.13568884362719694,0.16445760802601703,-2.17409566916912,0.5243243243243243
EVOK,RF,H1,Overall,0.21409378181348498,0.26734248661467624,-7.38779949324447,0.4882882882882883
EVOK,RF,H1,HighVol,0.21409378181348498,0.26734248661467624,-7.38779949324447,0.4882882882882883
EVOK,LSTM_MLP,H1,Overall,0.09271327943901943,0.12150166369169407,-0.7325130843715553,0.5153153153153153
EVOK,LSTM_MLP,H1,HighVol,0.09271327943901943,0.12150166369169407,-0.7325130843715553,0.5153153153153153
PHAR,SVR,H1,Overall,0.04763428941954567,0.05992907199807796,-1.3574771343305456,0.4810810810810811
PHAR,SVR,H1,HighVol,0.04763428941954567,0.05992907199807796,-1.3574771343305456,0.4810810810810811
PHAR,RF,H1,Overall,0.03626631394215769,0.046714122935652316,-0.43241474320021767,0.527927927927928
PHAR,RF,H1,HighVol,0.03626631394215769,0.046714122935652316,-0.43241474320021767,0.527927927927928
PHAR,LSTM_MLP,H1,Overall,0.04565214855433684,0.058442000891293706,-1.2419325210851704,0.5369369369369369
PHAR,LSTM_MLP,H1,HighVol,0.04565214855433684,0.058442000891293706,-1.2419325210851704,0.5369369369369369
CARR,SVR,H1,Overall,0.05447769521630668,0.066052166645446,-1.002884274485067,0.4018018018018018
CARR,SVR,H1,HighVol,0.05447769521630668,0.066052166645446,-1.002884274485067,0.4018018018018018
CARR,RF,H1,Overall,0.03595833302567279,0.04976682985973575,-0.13700316898588638,0.45585585585585586
CARR,RF,H1,HighVol,0.03595833302567279,0.04976682985973575,-0.13700316898588638,0.45585585585585586
CARR,LSTM_MLP,H1,Overall,0.09261149863403427,0.11949546957751357,-5.555179694411483,0.43423423423423424
CARR,LSTM_MLP,H1,HighVol,0.09261149863403427,0.11949546957751357,-5.555179694411483,0.43423423423423424
IWG,SVR,H1,Overall,0.05426153851623063,0.06812206496043398,-0.6252611539491137,0.5045045045045045
IWG,SVR,H1,HighVol,0.05426153851623063,0.06812206496043398,-0.6252611539491137,0.5045045045045045
IWG,RF,H1,Overall,0.045076623453122154,0.06216783155837021,-0.35356459326446377,0.47927927927927927
IWG,RF,H1,HighVol,0.045076623453122154,0.06216783155837021,-0.35356459326446377,0.47927927927927927
IWG,LSTM_MLP,H1,Overall,0.06147137898657318,0.07947694990496448,-1.2122282330060141,0.47927927927927927
IWG,LSTM_MLP,H1,HighVol,0.06147137898657318,0.07947694990496448,-1.2122282330060141,0.47927927927927927
ULVR,SVR,H1,Overall,0.020394129122022677,0.0255171167149635,-0.5786873910966193,0.45045045045045046
ULVR,SVR,H1,HighVol,0.020394129122022677,0.0255171167149635,-0.5786873910966193,0.45045045045045046
ULVR,RF,H1,Overall,0.018187329429056157,0.02250050244813959,-0.22748833207346353,0.4810810810810811
ULVR,RF,H1,HighVol,0.018187329429056157,0.02250050244813959,-0.22748833207346353,0.4810810810810811
ULVR,LSTM_MLP,H1,Overall,0.04376297292071799,0.054389098453989315,-6.172270496417479,0.4018018018018018
ULVR,LSTM_MLP,H1,HighVol,0.04376297292071799,0.054389098453989315,-6.172270496417479,0.4018018018018018
JUSC,SVR,H1,Overall,0.046020471933712656,0.056372542097688876,-2.116462261844024,0.5081081081081081
JUSC,SVR,H1,HighVol,0.046020471933712656,0.056372542097688876,-2.116462261844024,0.5081081081081081
JUSC,RF,H1,Overall,0.0255202543622805,0.034186812099679206,-0.146156292372162,0.4936936936936937
JUSC,RF,H1,HighVol,0.0255202543622805,0.034186812099679206,-0.146156292372162,0.4936936936936937
JUSC,LSTM_MLP,H1,Overall,0.0442477225301064,0.05809809826370971,-2.3101712824381706,0.4900900900900901
JUSC,LSTM_MLP,H1,HighVol,0.0442477225301064,0.05809809826370971,-2.3101712824381706,0.4900900900900901
FOUR,SVR,H1,Overall,0.04928446921646895,0.06394615660950453,-0.9644985869453475,0.5063063063063064
FOUR,SVR,H1,HighVol,0.04928446921646895,0.06394615660950453,-0.9644985869453475,0.5063063063063064
FOUR,RF,H1,Overall,0.06856080297105865,0.0864120467704932,-2.5873306727988963,0.4954954954954955
FOUR,RF,H1,HighVol,0.06856080297105865,0.0864120467704932,-2.5873306727988963,0.4954954954954955
FOUR,LSTM_MLP,H1,Overall,0.17748426119783967,0.19760895642528628,-17.76014004797004,0.47387387387387386
FOUR,LSTM_MLP,H1,HighVol,0.17748426119783967,0.19760895642528628,-17.76014004797004,0.47387387387387386
CCC,SVR,H1,Overall,0.040786244951272824,0.051445721824234056,-1.0178253599289082,0.46846846846846846
CCC,SVR,H1,HighVol,0.040786244951272824,0.051445721824234056,-1.0178253599289082,0.46846846846846846
CCC,RF,H1,Overall,0.030743284894414493,0.039787160673662995,-0.20689903828785483,0.5333333333333333
CCC,RF,H1,HighVol,0.030743284894414493,0.039787160673662995,-0.20689903828785483,0.5333333333333333
CCC,LSTM_MLP,H1,Overall,0.07056261165112947,0.09062639157270039,-5.26173122422296,0.44684684684684683
CCC,LSTM_MLP,H1,HighVol,0.07056261165112947,0.09062639157270039,-5.26173122422296,0.44684684684684683
WWH,SVR,H1,Overall,0.02236721590022785,0.026793451354066532,-1.163641257267761,0.45765765765765765
WWH,SVR,H1,HighVol,0.02236721590022785,0.026793451354066532,-1.163641257267761,0.45765765765765765
WWH,RF,H1,Overall,0.01585406898883719,0.020510900143608977,-0.26793612172441095,0.5513513513513514
WWH,RF,H1,HighVol,0.01585406898883719,0.020510900143608977,-0.26793612172441095,0.5513513513513514
WWH,LSTM_MLP,H1,Overall,0.04025999882088546,0.04970042018679339,-6.444714624969502,0.45765765765765765
WWH,LSTM_MLP,H1,HighVol,0.04025999882088546,0.04970042018679339,-6.444714624969502,0.45765765765765765
CCL,SVR,H1,Overall,0.094324169602906,0.1239449043443262,-2.0450593488939273,0.4990990990990991
CCL,SVR,H1,HighVol,0.094324169602906,0.1239449043443262,-2.0450593488939273,0.4990990990990991
CCL,RF,H1,Overall,0.07624550682608101,0.095791278806837,-0.8188226356745354,0.5261261261261261
CCL,RF,H1,HighVol,0.07624550682608101,0.095791278806837,-0.8188226356745354,0.5261261261261261
CCL,LSTM_MLP,H1,Overall,0.06457155443361473,0.0840393856332975,-0.39992299080082105,0.5135135135135135
CCL,LSTM_MLP,H1,HighVol,0.06457155443361473,0.0840393856332975,-0.39992299080082105,0.5135135135135135
SCF,SVR,H1,Overall,0.03063523680857546,0.035287983835067115,-1.6107484400798224,0.42702702702702705
SCF,SVR,H1,HighVol,0.03063523680857546,0.035287983835067115,-1.6107484400798224,0.42702702702702705
SCF,RF,H1,Overall,0.020301792983407646,0.02574330357388414,-0.38944030149464015,0.44684684684684683
SCF,RF,H1,HighVol,0.020301792983407646,0.02574330357388414,-0.38944030149464015,0.44684684684684683
SCF,LSTM_MLP,H1,Overall,0.07628701507088786,0.09774090589555666,-19.029220852345944,0.4846846846846847
SCF,LSTM_MLP,H1,HighVol,0.07628701507088786,0.09774090589555666,-19.029220852345944,0.4846846846846847
ANTO,SVR,H1,Overall,0.04589245713169224,0.058745694562006276,-0.44985286052788065,0.5405405405405406
ANTO,SVR,H1,HighVol,0.04589245713169224,0.058745694562006276,-0.44985286052788065,0.5405405405405406
ANTO,RF,H1,Overall,0.06017173633400093,0.0757424731412676,-1.410187374345211,0.4918918918918919
ANTO,RF,H1,HighVol,0.06017173633400093,0.0757424731412676,-1.410187374345211,0.4918918918918919
ANTO,LSTM_MLP,H1,Overall,0.058863310210716537,0.0744230675663965,-1.326949603144461,0.5333333333333333
ANTO,LSTM_MLP,H1,HighVol,0.058863310210716537,0.0744230675663965,-1.326949603144461,0.5333333333333333
FCSS,SVR,H1,Overall,0.03418529673741926,0.04474166609470671,-0.09345020156920714,0.43423423423423424
FCSS,SVR,H1,HighVol,0.03418529673741926,0.04474166609470671,-0.09345020156920714,0.43423423423423424
FCSS,RF,H1,Overall,0.030850902837892866,0.04248313232163643,0.014156982798856355,0.5675675675675675
FCSS,RF,H1,HighVol,0.030850902837892866,0.04248313232163643,0.014156982798856355,0.5675675675675675
FCSS,LSTM_MLP,H1,Overall,0.06635257758892633,0.08445346923807026,-2.895916976267683,0.4954954954954955
FCSS,LSTM_MLP,H1,HighVol,0.06635257758892633,0.08445346923807026,-2.895916976267683,0.4954954954954955
BT-A,SVR,H1,Overall,0.046679180366119996,0.058817679499581936,-0.8880941550333032,0.5081081081081081
BT-A,SVR,H1,HighVol,0.046679180366119996,0.058817679499581936,-0.8880941550333032,0.5081081081081081
BT-A,RF,H1,Overall,0.038124674081192744,0.05110706303410084,-0.4255082100770675,0.5495495495495496
BT-A,RF,H1,HighVol,0.038124674081192744,0.05110706303410084,-0.4255082100770675,0.5495495495495496
BT-A,LSTM_MLP,H1,Overall,0.05081744292000238,0.0672054479574036,-1.4649994980382517,0.5243243243243243
BT-A,LSTM_MLP,H1,HighVol,0.05081744292000238,0.0672054479574036,-1.4649994980382517,0.5243243243243243
PCGH,SVR,H1,Overall,0.01477520971478473,0.01809682989560573,-0.2083556044106638,0.418018018018018
PCGH,SVR,H1,HighVol,0.01477520971478473,0.01809682989560573,-0.2083556044106638,0.418018018018018
PCGH,RF,H1,Overall,0.014130445518573537,0.017598489658896172,-0.1427218903434173,0.45045045045045046
PCGH,RF,H1,HighVol,0.014130445518573537,0.017598489658896172,-0.1427218903434173,0.45045045045045046
PCGH,LSTM_MLP,H1,Overall,0.03233190147744038,0.04146784184160914,-5.344722313260605,0.5117117117117117
PCGH,LSTM_MLP,H1,HighVol,0.03233190147744038,0.04146784184160914,-5.344722313260605,0.5117117117117117
RCP,SVR,H1,Overall,0.031822800924945896,0.04128149030286656,-1.388270128133529,0.46126126126126127
RCP,SVR,H1,HighVol,0.031822800924945896,0.04128149030286656,-1.388270128133529,0.46126126126126127
RCP,RF,H1,Overall,0.022608763803782905,0.02904939920084636,-0.18262490715709334,0.4774774774774775
RCP,RF,H1,HighVol,0.022608763803782905,0.02904939920084636,-0.18262490715709334,0.4774774774774775
RCP,LSTM_MLP,H1,Overall,0.054131618959927345,0.07327236499189078,-6.524075254459242,0.4900900900900901
RCP,LSTM_MLP,H1,HighVol,0.054131618959927345,0.07327236499189078,-6.524075254459242,0.4900900900900901
CRDA,SVR,H1,Overall,0.03415588643395154,0.043354427176858557,-0.3032595847799038,0.5513513513513514
CRDA,SVR,H1,HighVol,0.03415588643395154,0.043354427176858557,-0.3032595847799038,0.5513513513513514
CRDA,RF,H1,Overall,0.03212105616083428,0.04061744892505753,-0.1439032892032599,0.45765765765765765
CRDA,RF,H1,HighVol,0.03212105616083428,0.04061744892505753,-0.1439032892032599,0.45765765765765765
CRDA,LSTM_MLP,H1,Overall,0.06888252941926233,0.08559440505861857,-4.079895495104868,0.46126126126126127
CRDA,LSTM_MLP,H1,HighVol,0.06888252941926233,0.08559440505861857,-4.079895495104868,0.46126126126126127
JFJ,SVR,H1,Overall,0.02329960541866694,0.029230157629303533,-0.5008689368624029,0.45225225225225224
JFJ,SVR,H1,HighVol,0.02329960541866694,0.029230157629303533,-0.5008689368624029,0.45225225225225224
JFJ,RF,H1,Overall,0.022329383994174497,0.027661920931480437,-0.3441419197757478,0.4486486486486487
JFJ,RF,H1,HighVol,0.022329383994174497,0.027661920931480437,-0.3441419197757478,0.4486486486486487
JFJ,LSTM_MLP,H1,Overall,0.0536450020454183,0.06524290871460432,-6.477339232684664,0.45765765765765765
JFJ,LSTM_MLP,H1,HighVol,0.0536450020454183,0.06524290871460432,-6.477339232684664,0.45765765765765765
CCR,SVR,H1,Overall,0.04146981719539695,0.05084780840745599,-1.0438490914007192,0.5117117117117117
CCR,SVR,H1,HighVol,0.04146981719539695,0.05084780840745599,-1.0438490914007192,0.5117117117117117
CCR,RF,H1,Overall,0.09304585394163209,0.10960208898470293,-8.496028547788846,0.5261261261261261
CCR,RF,H1,HighVol,0.09304585394163209,0.10960208898470293,-8.496028547788846,0.5261261261261261
CCR,LSTM_MLP,H1,Overall,0.06469201502961275,0.07830690253024275,-3.8473506736271164,0.5225225225225225
CCR,LSTM_MLP,H1,HighVol,0.06469201502961275,0.07830690253024275,-3.8473506736271164,0.5225225225225225
FSJ,SVR,H1,Overall,0.3150941349026077,0.36153716981223943,-37.33013214052949,0.4918918918918919
FSJ,SVR,H1,HighVol,0.3150941349026077,0.36153716981223943,-37.33013214052949,0.4918918918918919
FSJ,RF,H1,Overall,0.10797582602106101,0.12156362469640429,-3.3335288353774954,0.4864864864864865
FSJ,RF,H1,HighVol,0.10797582602106101,0.12156362469640429,-3.3335288353774954,0.4864864864864865
FSJ,LSTM_MLP,H1,Overall,0.10739992248593165,0.13265093406589046,-4.160063349082593,0.5027027027027027
FSJ,LSTM_MLP,H1,HighVol,0.10739992248593165,0.13265093406589046,-4.160063349082593,0.5027027027027027
HVPE,SVR,H1,Overall,0.02716701981737422,0.033970801999093775,-0.2783744689355525,0.5441441441441441
HVPE,SVR,H1,HighVol,0.02716701981737422,0.033970801999093775,-0.2783744689355525,0.5441441441441441
HVPE,RF,H1,Overall,0.03689265061769331,0.04710365482174402,-1.4578518408064713,0.4990990990990991
HVPE,RF,H1,HighVol,0.03689265061769331,0.04710365482174402,-1.4578518408064713,0.4990990990990991
HVPE,LSTM_MLP,H1,Overall,0.04880747781586706,0.06085190004967442,-3.1019916785819195,0.4810810810810811
HVPE,LSTM_MLP,H1,HighVol,0.04880747781586706,0.06085190004967442,-3.1019916785819195,0.4810810810810811
HIK,SVR,H1,Overall,0.039107757989780445,0.04938149044392622,-1.176293422744405,0.4846846846846847
HIK,SVR,H1,HighVol,0.039107757989780445,0.04938149044392622,-1.176293422744405,0.4846846846846847
HIK,RF,H1,Overall,0.027640786756036713,0.03482250072195007,-0.08220359950068601,0.5675675675675675
HIK,RF,H1,HighVol,0.027640786756036713,0.03482250072195007,-0.08220359950068601,0.5675675675675675
HIK,LSTM_MLP,H1,Overall,0.05204018715560139,0.06743090639298237,-3.057953412676918,0.46306306306306305
HIK,LSTM_MLP,H1,HighVol,0.05204018715560139,0.06743090639298237,-3.057953412676918,0.46306306306306305
ABF,SVR,H1,Overall,0.028967534131183578,0.03826673420200174,-0.300588442939693,0.5027027027027027
ABF,SVR,H1,HighVol,0.028967534131183578,0.03826673420200174,-0.300588442939693,0.5027027027027027
ABF,RF,H1,Overall,0.0267493441259402,0.0370667365857437,-0.22029770469706378,0.5117117117117117
ABF,RF,H1,HighVol,0.0267493441259402,0.0370667365857437,-0.22029770469706378,0.5117117117117117
ABF,LSTM_MLP,H1,Overall,0.058957927635973184,0.07364720695837498,-3.81736610929413,0.5099099099099099
ABF,LSTM_MLP,H1,HighVol,0.058957927635973184,0.07364720695837498,-3.81736610929413,0.5099099099099099
FEML,SVR,H1,Overall,0.026702706851250233,0.03202308549072727,-1.4114313711929833,0.45225225225225224
FEML,SVR,H1,HighVol,0.026702706851250233,0.03202308549072727,-1.4114313711929833,0.45225225225225224
FEML,RF,H1,Overall,0.01651607943893816,0.020892052640768988,-0.026386142386064293,0.5261261261261261
FEML,RF,H1,HighVol,0.01651607943893816,0.020892052640768988,-0.026386142386064293,0.5261261261261261
FEML,LSTM_MLP,H1,Overall,0.05783742360405999,0.06911458234000338,-10.232797580621382,0.45045045045045046
FEML,LSTM_MLP,H1,HighVol,0.05783742360405999,0.06911458234000338,-10.232797580621382,0.45045045045045046
CHI,SVR,H1,Overall,0.04432199489715849,0.051150765553793574,-2.4605106617024717,0.41621621621621624
CHI,SVR,H1,HighVol,0.04432199489715849,0.051150765553793574,-2.4605106617024717,0.41621621621621624
CHI,RF,H1,Overall,0.037703698309239635,0.044950482284937664,-1.6724194695695465,0.436036036036036
CHI,RF,H1,HighVol,0.037703698309239635,0.044950482284937664,-1.6724194695695465,0.436036036036036
CHI,LSTM_MLP,H1,Overall,0.10518683706946004,0.13970821714640438,-24.815456946171544,0.44144144144144143
CHI,LSTM_MLP,H1,HighVol,0.10518683706946004,0.13970821714640438,-24.815456946171544,0.44144144144144143
CYN,SVR,H1,Overall,0.028699924627252606,0.03589051429319175,-0.2974918871751737,0.5423423423423424
CYN,SVR,H1,HighVol,0.028699924627252606,0.03589051429319175,-0.2974918871751737,0.5423423423423424
CYN,RF,H1,Overall,0.03968710949147046,0.04734620241573877,-1.2579565929167673,0.4882882882882883
CYN,RF,H1,HighVol,0.03968710949147046,0.04734620241573877,-1.2579565929167673,0.4882882882882883
CYN,LSTM_MLP,H1,Overall,0.06796895399823759,0.08371693379007067,-6.059467039525534,0.4828828828828829
CYN,LSTM_MLP,H1,HighVol,0.06796895399823759,0.08371693379007067,-6.059467039525534,0.4828828828828829
