Stock,Model,Horizon_H,Horizon_Type,Hypothesis,Regime,MAE,RMSE,R2,Direction_Accuracy
HILS,SVR,5,short,H4,Overall,0.06937727095684457,0.08779231381670044,-5.974245551746104,0.45585585585585586
HILS,SVR,5,short,H4,HighVol,0.06937727095684457,0.08779231381670044,-5.974245551746104,0.45585585585585586
HILS,RF,5,short,H4,Overall,0.0386313988483698,0.04955621676878178,-1.2221866363391847,0.5009009009009009
HILS,RF,5,short,H4,HighVol,0.0386313988483698,0.04955621676878178,-1.2221866363391847,0.5009009009009009
HILS,LSTM_MLP,5,short,H4,Overall,0.04788970913117646,0.06095247378182858,-2.3617616321441113,0.4828828828828829
HILS,LSTM_MLP,5,short,H4,HighVol,0.04788970913117646,0.06095247378182858,-2.3617616321441113,0.4828828828828829
HILS,SVR,10,short,H4,Overall,0.11597723374701775,0.15438886793256307,-10.318640762796381,0.4548736462093863
HILS,SVR,10,short,H4,HighVol,0.11597723374701775,0.15438886793256307,-10.318640762796381,0.4548736462093863
HILS,RF,10,short,H4,Overall,0.05009998107182295,0.0644974602571058,-0.9753658342372404,0.5072202166064982
HILS,RF,10,short,H4,HighVol,0.05009998107182295,0.0644974602571058,-0.9753658342372404,0.5072202166064982
HILS,LSTM_MLP,10,short,H4,Overall,0.07146096605528472,0.08640300493373819,-2.5450307298495622,0.47653429602888087
HILS,LSTM_MLP,10,short,H4,HighVol,0.07146096605528472,0.08640300493373819,-2.5450307298495622,0.47653429602888087
HILS,SVR,30,medium,H4,Overall,0.18139270901507953,0.23824512343128382,-11.196579055578061,0.4618181818181818
HILS,SVR,30,medium,H4,HighVol,0.18139270901507953,0.23824512343128382,-11.196579055578061,0.4618181818181818
HILS,RF,30,medium,H4,Overall,0.06403166330655598,0.0810996358159691,-0.41327866608191743,0.5145454545454545
HILS,RF,30,medium,H4,HighVol,0.06403166330655598,0.0810996358159691,-0.41327866608191743,0.5145454545454545
HILS,LSTM_MLP,30,medium,H4,Overall,0.11535556073042513,0.1387555719008303,-3.137050847788289,0.4381818181818182
HILS,LSTM_MLP,30,medium,H4,HighVol,0.11535556073042513,0.1387555719008303,-3.137050847788289,0.4381818181818182
HILS,SVR,60,long,H4,Overall,0.2536404570045953,0.314819551557598,-12.704493776584677,0.3915441176470588
HILS,SVR,60,long,H4,HighVol,0.2536404570045953,0.314819551557598,-12.704493776584677,0.3915441176470588
HILS,RF,60,long,H4,Overall,0.1740256491870363,0.20280774289919554,-4.687333157478542,0.38235294117647056
HILS,RF,60,long,H4,HighVol,0.1740256491870363,0.20280774289919554,-4.687333157478542,0.38235294117647056
HILS,LSTM_MLP,60,long,H4,Overall,0.19864095648990943,0.22489084024228198,-5.99331579875555,0.36213235294117646
HILS,LSTM_MLP,60,long,H4,HighVol,0.19864095648990943,0.22489084024228198,-5.99331579875555,0.36213235294117646
NRR,SVR,5,short,H4,Overall,0.04241525733879807,0.05382464290101978,-1.6137034197080173,0.5117117117117117
NRR,SVR,5,short,H4,HighVol,0.04241525733879807,0.05382464290101978,-1.6137034197080173,0.5117117117117117
NRR,RF,5,short,H4,Overall,0.03236109903696666,0.04271972763854126,-0.6464590820340033,0.5063063063063064
NRR,RF,5,short,H4,HighVol,0.03236109903696666,0.04271972763854126,-0.6464590820340033,0.5063063063063064
NRR,LSTM_MLP,5,short,H4,Overall,0.04386968400984773,0.05523790497107451,-1.7527602527370618,0.5027027027027027
NRR,LSTM_MLP,5,short,H4,HighVol,0.04386968400984773,0.05523790497107451,-1.7527602527370618,0.5027027027027027
NRR,SVR,10,short,H4,Overall,0.0550067742452914,0.06616373043139229,-1.1868328716906746,0.5216606498194946
NRR,SVR,10,short,H4,HighVol,0.0550067742452914,0.06616373043139229,-1.1868328716906746,0.5216606498194946
NRR,RF,10,short,H4,Overall,0.04896705300983712,0.06250375087888388,-0.9515864180763371,0.6028880866425993
NRR,RF,10,short,H4,HighVol,0.04896705300983712,0.06250375087888388,-0.9515864180763371,0.6028880866425993
NRR,LSTM_MLP,10,short,H4,Overall,0.05681414386408547,0.0727854395287991,-1.6464557950472276,0.5252707581227437
NRR,LSTM_MLP,10,short,H4,HighVol,0.05681414386408547,0.0727854395287991,-1.6464557950472276,0.5252707581227437
NRR,SVR,30,medium,H4,Overall,0.10668211863394994,0.1274186166088508,-2.073541296146788,0.5909090909090909
NRR,SVR,30,medium,H4,HighVol,0.10668211863394994,0.1274186166088508,-2.073541296146788,0.5909090909090909
NRR,RF,30,medium,H4,Overall,0.14044206983816088,0.20554824837954855,-6.998358054683289,0.5490909090909091
NRR,RF,30,medium,H4,HighVol,0.14044206983816088,0.20554824837954855,-6.998358054683289,0.5490909090909091
NRR,LSTM_MLP,30,medium,H4,Overall,0.06339103883286487,0.08194910450065233,-0.27133998377880175,0.5690909090909091
NRR,LSTM_MLP,30,medium,H4,HighVol,0.06339103883286487,0.08194910450065233,-0.27133998377880175,0.5690909090909091
NRR,SVR,60,long,H4,Overall,0.11696243930114245,0.1385024463944021,-0.9363054020738419,0.6544117647058824
NRR,SVR,60,long,H4,HighVol,0.11696243930114245,0.1385024463944021,-0.9363054020738419,0.6544117647058824
NRR,RF,60,long,H4,Overall,0.12300932080252303,0.14136196919349006,-1.017084725917433,0.6084558823529411
NRR,RF,60,long,H4,HighVol,0.12300932080252303,0.14136196919349006,-1.017084725917433,0.6084558823529411
NRR,LSTM_MLP,60,long,H4,Overall,0.09351852998088826,0.11233302743994424,-0.2737197858795921,0.65625
NRR,LSTM_MLP,60,long,H4,HighVol,0.09351852998088826,0.11233302743994424,-0.2737197858795921,0.65625
TLW,SVR,5,short,H4,Overall,0.1443963060864518,0.18758101639916033,-6.597672473965862,0.4828828828828829
TLW,SVR,5,short,H4,HighVol,0.1443963060864518,0.18758101639916033,-6.597672473965862,0.4828828828828829
TLW,RF,5,short,H4,Overall,0.060212535191815526,0.07693040435198462,-0.27790576251024457,0.46306306306306305
TLW,RF,5,short,H4,HighVol,0.060212535191815526,0.07693040435198462,-0.27790576251024457,0.46306306306306305
TLW,LSTM_MLP,5,short,H4,Overall,0.0643172163595222,0.0818130993391402,-0.4452683399023891,0.4972972972972973
TLW,LSTM_MLP,5,short,H4,HighVol,0.0643172163595222,0.0818130993391402,-0.4452683399023891,0.4972972972972973
TLW,SVR,10,short,H4,Overall,0.2273034871709955,0.29621310380281896,-9.163932678563482,0.4296028880866426
TLW,SVR,10,short,H4,HighVol,0.2273034871709955,0.29621310380281896,-9.163932678563482,0.4296028880866426
TLW,RF,10,short,H4,Overall,0.10311418222693841,0.13601056272732165,-1.1428833038772748,0.3592057761732852
TLW,RF,10,short,H4,HighVol,0.10311418222693841,0.13601056272732165,-1.1428833038772748,0.3592057761732852
TLW,LSTM_MLP,10,short,H4,Overall,0.13070335926968793,0.16114319658435855,-2.007995589140221,0.4296028880866426
TLW,LSTM_MLP,10,short,H4,HighVol,0.13070335926968793,0.16114319658435855,-2.007995589140221,0.4296028880866426
TLW,SVR,30,medium,H4,Overall,0.4511998287202287,0.5502732394205531,-13.53410050350516,0.35818181818181816
TLW,SVR,30,medium,H4,HighVol,0.4511998287202287,0.5502732394205531,-13.53410050350516,0.35818181818181816
TLW,RF,30,medium,H4,Overall,0.22404191839059004,0.25603169808857074,-2.1464355936121486,0.34363636363636363
TLW,RF,30,medium,H4,HighVol,0.22404191839059004,0.25603169808857074,-2.1464355936121486,0.34363636363636363
TLW,LSTM_MLP,30,medium,H4,Overall,0.35287820386782726,0.4148797895141247,-7.261823852207261,0.3472727272727273
TLW,LSTM_MLP,30,medium,H4,HighVol,0.35287820386782726,0.4148797895141247,-7.261823852207261,0.3472727272727273
TLW,SVR,60,long,H4,Overall,0.7512937524402353,0.8903834756303596,-19.16595302818088,0.38235294117647056
TLW,SVR,60,long,H4,HighVol,0.7512937524402353,0.8903834756303596,-19.16595302818088,0.38235294117647056
TLW,RF,60,long,H4,Overall,0.4161217515733369,0.46533557931882324,-4.508040029627249,0.34191176470588236
TLW,RF,60,long,H4,HighVol,0.4161217515733369,0.46533557931882324,-4.508040029627249,0.34191176470588236
TLW,LSTM_MLP,60,long,H4,Overall,0.7488365589566479,0.8709428231210834,-18.29495890320755,0.3713235294117647
TLW,LSTM_MLP,60,long,H4,HighVol,0.7488365589566479,0.8709428231210834,-18.29495890320755,0.3713235294117647
TTG,SVR,5,short,H4,Overall,0.08511565200985767,0.11989039918591418,-1.6110180908194147,0.44684684684684683
TTG,SVR,5,short,H4,HighVol,0.08511565200985767,0.11989039918591418,-1.6110180908194147,0.44684684684684683
TTG,RF,5,short,H4,Overall,0.07126173190405011,0.10337575321802461,-0.9412364723438011,0.46846846846846846
TTG,RF,5,short,H4,HighVol,0.07126173190405011,0.10337575321802461,-0.9412364723438011,0.46846846846846846
TTG,LSTM_MLP,5,short,H4,Overall,0.09150058919548366,0.13402826878147375,-2.263126305538253,0.5369369369369369
TTG,LSTM_MLP,5,short,H4,HighVol,0.09150058919548366,0.13402826878147375,-2.263126305538253,0.5369369369369369
TTG,SVR,10,short,H4,Overall,0.2253125901395203,0.2742582852644055,-5.385285714344914,0.44765342960288806
TTG,SVR,10,short,H4,HighVol,0.2253125901395203,0.2742582852644055,-5.385285714344914,0.44765342960288806
TTG,RF,10,short,H4,Overall,0.07280040185599271,0.1106217273002485,-0.03882332661665866,0.5126353790613718
TTG,RF,10,short,H4,HighVol,0.07280040185599271,0.1106217273002485,-0.03882332661665866,0.5126353790613718
TTG,LSTM_MLP,10,short,H4,Overall,0.10727484517730758,0.15645466112213316,-1.077963116521091,0.5054151624548736
TTG,LSTM_MLP,10,short,H4,HighVol,0.10727484517730758,0.15645466112213316,-1.077963116521091,0.5054151624548736
TTG,SVR,30,medium,H4,Overall,0.22449590821873336,0.2837649367979732,-1.988251875976486,0.4709090909090909
TTG,SVR,30,medium,H4,HighVol,0.22449590821873336,0.2837649367979732,-1.988251875976486,0.4709090909090909
TTG,RF,30,medium,H4,Overall,0.13233059763237473,0.18187257515929156,-0.22753581089123798,0.49272727272727274
TTG,RF,30,medium,H4,HighVol,0.13233059763237473,0.18187257515929156,-0.22753581089123798,0.49272727272727274
TTG,LSTM_MLP,30,medium,H4,Overall,0.13959761994962544,0.19592269938479706,-0.42452229285403087,0.48727272727272725
TTG,LSTM_MLP,30,medium,H4,HighVol,0.13959761994962544,0.19592269938479706,-0.42452229285403087,0.48727272727272725
TTG,SVR,60,long,H4,Overall,0.33573616772420584,0.44703260996323735,-4.105619305531942,0.4227941176470588
TTG,SVR,60,long,H4,HighVol,0.33573616772420584,0.44703260996323735,-4.105619305531942,0.4227941176470588
TTG,RF,60,long,H4,Overall,0.17057629086589887,0.2047557267918339,-0.07112987795249426,0.5238970588235294
TTG,RF,60,long,H4,HighVol,0.17057629086589887,0.2047557267918339,-0.07112987795249426,0.5238970588235294
TTG,LSTM_MLP,60,long,H4,Overall,0.19830860839881648,0.2785933516344057,-0.9829488662754924,0.4632352941176471
TTG,LSTM_MLP,60,long,H4,HighVol,0.19830860839881648,0.2785933516344057,-0.9829488662754924,0.4632352941176471
VID,SVR,5,short,H4,Overall,0.053601559422790594,0.08612983908205427,-0.13317556524270224,0.4936936936936937
VID,SVR,5,short,H4,HighVol,0.053601559422790594,0.08612983908205427,-0.13317556524270224,0.4936936936936937
VID,RF,5,short,H4,Overall,0.10130332472867778,0.12764327712722573,-1.4887760634559695,0.37117117117117115
VID,RF,5,short,H4,HighVol,0.10130332472867778,0.12764327712722573,-1.4887760634559695,0.37117117117117115
VID,LSTM_MLP,5,short,H4,Overall,0.17911359324179082,0.22309636167327038,-6.602823440725051,0.527927927927928
VID,LSTM_MLP,5,short,H4,HighVol,0.17911359324179082,0.22309636167327038,-6.602823440725051,0.527927927927928
VID,SVR,10,short,H4,Overall,0.1128207966538149,0.15334595751510757,-1.029785963380069,0.3447653429602888
VID,SVR,10,short,H4,HighVol,0.1128207966538149,0.15334595751510757,-1.029785963380069,0.3447653429602888
VID,RF,10,short,H4,Overall,0.13456628113060884,0.17297278633380023,-1.582623771919324,0.3700361010830325
VID,RF,10,short,H4,HighVol,0.13456628113060884,0.17297278633380023,-1.582623771919324,0.3700361010830325
VID,LSTM_MLP,10,short,H4,Overall,0.1862961192793691,0.22554508569860612,-3.3910898062595605,0.5126353790613718
VID,LSTM_MLP,10,short,H4,HighVol,0.1862961192793691,0.22554508569860612,-3.3910898062595605,0.5126353790613718
VID,SVR,30,medium,H4,Overall,0.20692938480776718,0.26917781486882153,-1.9452310597337,0.2781818181818182
VID,SVR,30,medium,H4,HighVol,0.20692938480776718,0.26917781486882153,-1.9452310597337,0.2781818181818182
VID,RF,30,medium,H4,Overall,0.20245452145711437,0.2563005516276869,-1.6701762395107882,0.2781818181818182
VID,RF,30,medium,H4,HighVol,0.20245452145711437,0.2563005516276869,-1.6701762395107882,0.2781818181818182
VID,LSTM_MLP,30,medium,H4,Overall,0.20850601624014392,0.2595636075944225,-1.738599020743412,0.4072727272727273
VID,LSTM_MLP,30,medium,H4,HighVol,0.20850601624014392,0.2595636075944225,-1.738599020743412,0.4072727272727273
VID,SVR,60,long,H4,Overall,0.28323794300134214,0.34803796841878043,-2.2023636724611797,0.2775735294117647
VID,SVR,60,long,H4,HighVol,0.28323794300134214,0.34803796841878043,-2.2023636724611797,0.2775735294117647
VID,RF,60,long,H4,Overall,0.29885363457877934,0.354923259488909,-2.330322743085558,0.31985294117647056
VID,RF,60,long,H4,HighVol,0.29885363457877934,0.354923259488909,-2.330322743085558,0.31985294117647056
VID,LSTM_MLP,60,long,H4,Overall,0.41919215677638405,0.5028352041955325,-5.684497296275564,0.23713235294117646
VID,LSTM_MLP,60,long,H4,HighVol,0.41919215677638405,0.5028352041955325,-5.684497296275564,0.23713235294117646
AZN,SVR,5,short,H4,Overall,0.031091991176203513,0.04065833447252121,-0.7070172551326965,0.5477477477477477
AZN,SVR,5,short,H4,HighVol,0.031091991176203513,0.04065833447252121,-0.7070172551326965,0.5477477477477477
AZN,RF,5,short,H4,Overall,0.0276763564008841,0.03656615548566456,-0.3806937086487121,0.5099099099099099
AZN,RF,5,short,H4,HighVol,0.0276763564008841,0.03656615548566456,-0.3806937086487121,0.5099099099099099
AZN,LSTM_MLP,5,short,H4,Overall,0.04950334788303547,0.07046778493327678,-4.1276690016643816,0.5063063063063064
AZN,LSTM_MLP,5,short,H4,HighVol,0.04950334788303547,0.07046778493327678,-4.1276690016643816,0.5063063063063064
AZN,SVR,10,short,H4,Overall,0.03751429232748406,0.05023394155365966,-0.16442707984393645,0.5054151624548736
AZN,SVR,10,short,H4,HighVol,0.03751429232748406,0.05023394155365966,-0.16442707984393645,0.5054151624548736
AZN,RF,10,short,H4,Overall,0.03934782459812412,0.05168189234029894,-0.2325217700451454,0.5216606498194946
AZN,RF,10,short,H4,HighVol,0.03934782459812412,0.05168189234029894,-0.2325217700451454,0.5216606498194946
AZN,LSTM_MLP,10,short,H4,Overall,0.06685724374157545,0.08331395285397607,-2.2029729080872538,0.5216606498194946
AZN,LSTM_MLP,10,short,H4,HighVol,0.06685724374157545,0.08331395285397607,-2.2029729080872538,0.5216606498194946
AZN,SVR,30,medium,H4,Overall,0.057080198055250185,0.06922520257296293,0.11757867839964642,0.6527272727272727
AZN,SVR,30,medium,H4,HighVol,0.057080198055250185,0.06922520257296293,0.11757867839964642,0.6527272727272727
AZN,RF,30,medium,H4,Overall,0.06680485859178555,0.08230779894243963,-0.24746824357542008,0.6872727272727273
AZN,RF,30,medium,H4,HighVol,0.06680485859178555,0.08230779894243963,-0.24746824357542008,0.6872727272727273
AZN,LSTM_MLP,30,medium,H4,Overall,0.07021562402412955,0.08962861932410052,-0.4792478118052452,0.5672727272727273
AZN,LSTM_MLP,30,medium,H4,HighVol,0.07021562402412955,0.08962861932410052,-0.4792478118052452,0.5672727272727273
AZN,SVR,60,long,H4,Overall,0.137970345353696,0.17394668455914628,-2.073184251574643,0.4889705882352941
AZN,SVR,60,long,H4,HighVol,0.137970345353696,0.17394668455914628,-2.073184251574643,0.4889705882352941
AZN,RF,60,long,H4,Overall,0.07793701046317952,0.09531188039120976,0.0773215793681058,0.6433823529411765
AZN,RF,60,long,H4,HighVol,0.07793701046317952,0.09531188039120976,0.0773215793681058,0.6433823529411765
AZN,LSTM_MLP,60,long,H4,Overall,0.08609566481116931,0.10230071260061076,-0.0629518836379912,0.6139705882352942
AZN,LSTM_MLP,60,long,H4,HighVol,0.08609566481116931,0.10230071260061076,-0.0629518836379912,0.6139705882352942
SPX,SVR,5,short,H4,Overall,0.032600481548987204,0.0411467907021875,-0.2680620861083154,0.5459459459459459
SPX,SVR,5,short,H4,HighVol,0.032600481548987204,0.0411467907021875,-0.2680620861083154,0.5459459459459459
SPX,RF,5,short,H4,Overall,0.03129783703200154,0.038853741337292205,-0.13066584155401584,0.47387387387387386
SPX,RF,5,short,H4,HighVol,0.03129783703200154,0.038853741337292205,-0.13066584155401584,0.47387387387387386
SPX,LSTM_MLP,5,short,H4,Overall,0.06568805974326435,0.08304695487374672,-4.165543318168524,0.5351351351351351
SPX,LSTM_MLP,5,short,H4,HighVol,0.06568805974326435,0.08304695487374672,-4.165543318168524,0.5351351351351351
SPX,SVR,10,short,H4,Overall,0.04725602839248407,0.05921816617417957,-0.27784254264126695,0.49458483754512633
SPX,SVR,10,short,H4,HighVol,0.04725602839248407,0.05921816617417957,-0.27784254264126695,0.49458483754512633
SPX,RF,10,short,H4,Overall,0.051346505691907546,0.06192959933684671,-0.39753912375862677,0.4711191335740072
SPX,RF,10,short,H4,HighVol,0.051346505691907546,0.06192959933684671,-0.39753912375862677,0.4711191335740072
SPX,LSTM_MLP,10,short,H4,Overall,0.07428922701258796,0.09285717235169345,-2.1419432989118863,0.5577617328519856
SPX,LSTM_MLP,10,short,H4,HighVol,0.07428922701258796,0.09285717235169345,-2.1419432989118863,0.5577617328519856
SPX,SVR,30,medium,H4,Overall,0.11063130410123642,0.1348174265573059,-1.485933759489007,0.5018181818181818
SPX,SVR,30,medium,H4,HighVol,0.11063130410123642,0.1348174265573059,-1.485933759489007,0.5018181818181818
SPX,RF,30,medium,H4,Overall,0.09799709582577001,0.11633915941771887,-0.8511828983589833,0.6181818181818182
SPX,RF,30,medium,H4,HighVol,0.09799709582577001,0.11633915941771887,-0.8511828983589833,0.6181818181818182
SPX,LSTM_MLP,30,medium,H4,Overall,0.09430892581700187,0.11458154857222941,-0.7956713820314487,0.5581818181818182
SPX,LSTM_MLP,30,medium,H4,HighVol,0.09430892581700187,0.11458154857222941,-0.7956713820314487,0.5581818181818182
SPX,SVR,60,long,H4,Overall,0.1655258912635416,0.22233633704326508,-2.961791686214083,0.40808823529411764
SPX,SVR,60,long,H4,HighVol,0.1655258912635416,0.22233633704326508,-2.961791686214083,0.40808823529411764
SPX,RF,60,long,H4,Overall,0.10730600404407878,0.1313436411391497,-0.3825754687435483,0.6084558823529411
SPX,RF,60,long,H4,HighVol,0.10730600404407878,0.1313436411391497,-0.3825754687435483,0.6084558823529411
SPX,LSTM_MLP,60,long,H4,Overall,0.11078162846927553,0.13548851220705713,-0.4712134650565445,0.5477941176470589
SPX,LSTM_MLP,60,long,H4,HighVol,0.11078162846927553,0.13548851220705713,-0.4712134650565445,0.5477941176470589
SYNT,SVR,5,short,H4,Overall,0.12156488248247015,0.16883306992651267,-2.419264379370001,0.5927927927927928
SYNT,SVR,5,short,H4,HighVol,0.12156488248247015,0.16883306992651267,-2.419264379370001,0.5927927927927928
SYNT,RF,5,short,H4,Overall,0.19550412650701424,0.2265807604800253,-5.1583406362817215,0.5891891891891892
SYNT,RF,5,short,H4,HighVol,0.19550412650701424,0.2265807604800253,-5.1583406362817215,0.5891891891891892
SYNT,LSTM_MLP,5,short,H4,Overall,0.23178308246673426,0.2639069901178251,-7.354480203496198,0.5945945945945946
SYNT,LSTM_MLP,5,short,H4,HighVol,0.23178308246673426,0.2639069901178251,-7.354480203496198,0.5945945945945946
SYNT,SVR,10,short,H4,Overall,0.16508510233674978,0.21419865428461546,-1.4503963134747413,0.6028880866425993
SYNT,SVR,10,short,H4,HighVol,0.16508510233674978,0.21419865428461546,-1.4503963134747413,0.6028880866425993
SYNT,RF,10,short,H4,Overall,0.28875652241195865,0.31660808876378316,-4.353611677512408,0.6028880866425993
SYNT,RF,10,short,H4,HighVol,0.28875652241195865,0.31660808876378316,-4.353611677512408,0.6028880866425993
SYNT,LSTM_MLP,10,short,H4,Overall,0.2817474880034598,0.321377842328276,-4.5161328314811335,0.6119133574007221
SYNT,LSTM_MLP,10,short,H4,HighVol,0.2817474880034598,0.321377842328276,-4.5161328314811335,0.6119133574007221
SYNT,SVR,30,medium,H4,Overall,0.3406247904738111,0.44616303014132996,-1.6998227914289776,0.6963636363636364
SYNT,SVR,30,medium,H4,HighVol,0.3406247904738111,0.44616303014132996,-1.6998227914289776,0.6963636363636364
SYNT,RF,30,medium,H4,Overall,0.2767589896872724,0.355331276987593,-0.7124384495405853,0.42
SYNT,RF,30,medium,H4,HighVol,0.2767589896872724,0.355331276987593,-0.7124384495405853,0.42
SYNT,LSTM_MLP,30,medium,H4,Overall,0.7230608911196079,0.7898439756865363,-7.461175774343884,0.6927272727272727
SYNT,LSTM_MLP,30,medium,H4,HighVol,0.7230608911196079,0.7898439756865363,-7.461175774343884,0.6927272727272727
SYNT,SVR,60,long,H4,Overall,0.42702125463009655,0.5024694165509572,-0.4486437929001299,0.7224264705882353
SYNT,SVR,60,long,H4,HighVol,0.42702125463009655,0.5024694165509572,-0.4486437929001299,0.7224264705882353
SYNT,RF,60,long,H4,Overall,0.4586063448817087,0.5379036832863815,-0.6601654832267971,0.4007352941176471
SYNT,RF,60,long,H4,HighVol,0.4586063448817087,0.5379036832863815,-0.6601654832267971,0.4007352941176471
SYNT,LSTM_MLP,60,long,H4,Overall,0.4758005356481982,0.56402326944029,-0.8253089667576805,0.7849264705882353
SYNT,LSTM_MLP,60,long,H4,HighVol,0.4758005356481982,0.56402326944029,-0.8253089667576805,0.7849264705882353
VP,SVR,5,short,H4,Overall,0.03642537384982145,0.047935437155672424,-0.6905179137317077,0.4954954954954955
VP,SVR,5,short,H4,HighVol,0.03642537384982145,0.047935437155672424,-0.6905179137317077,0.4954954954954955
VP,RF,5,short,H4,Overall,0.036869215086899665,0.0503459773911415,-0.8648158222893407,0.4954954954954955
VP,RF,5,short,H4,HighVol,0.036869215086899665,0.0503459773911415,-0.8648158222893407,0.4954954954954955
VP,LSTM_MLP,5,short,H4,Overall,0.05595112216058507,0.07263589764618458,-2.881584173509573,0.4144144144144144
VP,LSTM_MLP,5,short,H4,HighVol,0.05595112216058507,0.07263589764618458,-2.881584173509573,0.4144144144144144
VP,SVR,10,short,H4,Overall,0.07273495056315281,0.09289156044414103,-2.6734040973058333,0.41155234657039713
VP,SVR,10,short,H4,HighVol,0.07273495056315281,0.09289156044414103,-2.6734040973058333,0.41155234657039713
VP,RF,10,short,H4,Overall,0.04891224787891973,0.06305665286154499,-0.6926922946068657,0.44945848375451264
VP,RF,10,short,H4,HighVol,0.04891224787891973,0.06305665286154499,-0.6926922946068657,0.44945848375451264
VP,LSTM_MLP,10,short,H4,Overall,0.06589502773097582,0.0851413558650435,-2.0860098868475507,0.388086642599278
VP,LSTM_MLP,10,short,H4,HighVol,0.06589502773097582,0.0851413558650435,-2.0860098868475507,0.388086642599278
VP,SVR,30,medium,H4,Overall,0.1207642381498162,0.14452697138849793,-1.4619748887358606,0.33454545454545453
VP,SVR,30,medium,H4,HighVol,0.1207642381498162,0.14452697138849793,-1.4619748887358606,0.33454545454545453
VP,RF,30,medium,H4,Overall,0.10929700805983035,0.1429582142969494,-1.4088183141559796,0.3381818181818182
VP,RF,30,medium,H4,HighVol,0.10929700805983035,0.1429582142969494,-1.4088183141559796,0.3381818181818182
VP,LSTM_MLP,30,medium,H4,Overall,0.10554724694031907,0.12588242587529092,-0.8677382898009405,0.35818181818181816
VP,LSTM_MLP,30,medium,H4,HighVol,0.10554724694031907,0.12588242587529092,-0.8677382898009405,0.35818181818181816
VP,SVR,60,long,H4,Overall,0.17458285839135712,0.19976229752436106,-1.3987751262220933,0.3860294117647059
VP,SVR,60,long,H4,HighVol,0.17458285839135712,0.19976229752436106,-1.3987751262220933,0.3860294117647059
VP,RF,60,long,H4,Overall,0.1557582095814622,0.18534596433309602,-1.065041371041751,0.33088235294117646
VP,RF,60,long,H4,HighVol,0.1557582095814622,0.18534596433309602,-1.065041371041751,0.33088235294117646
VP,LSTM_MLP,60,long,H4,Overall,0.16076019212667916,0.18242178370520548,-1.0003955695480604,0.3382352941176471
VP,LSTM_MLP,60,long,H4,HighVol,0.16076019212667916,0.18242178370520548,-1.0003955695480604,0.3382352941176471
SRE,SVR,5,short,H4,Overall,0.03710478231822494,0.04688800055027942,-0.6149721937828223,0.4756756756756757
SRE,SVR,5,short,H4,HighVol,0.03710478231822494,0.04688800055027942,-0.6149721937828223,0.4756756756756757
SRE,RF,5,short,H4,Overall,0.031334674861345675,0.039590392729532714,-0.15138678885136647,0.4918918918918919
SRE,RF,5,short,H4,HighVol,0.031334674861345675,0.039590392729532714,-0.15138678885136647,0.4918918918918919
SRE,LSTM_MLP,5,short,H4,Overall,0.06418076567671309,0.07743176042970944,-3.4043303747924423,0.5351351351351351
SRE,LSTM_MLP,5,short,H4,HighVol,0.06418076567671309,0.07743176042970944,-3.4043303747924423,0.5351351351351351
SRE,SVR,10,short,H4,Overall,0.05856031192022424,0.07441488506049711,-1.0063888605744031,0.48736462093862815
SRE,SVR,10,short,H4,HighVol,0.05856031192022424,0.07441488506049711,-1.0063888605744031,0.48736462093862815
SRE,RF,10,short,H4,Overall,0.04590107336033948,0.05825548817897922,-0.22961504782143494,0.47653429602888087
SRE,RF,10,short,H4,HighVol,0.04590107336033948,0.05825548817897922,-0.22961504782143494,0.47653429602888087
SRE,LSTM_MLP,10,short,H4,Overall,0.0724872448098289,0.08920991918400488,-1.8835120408461683,0.49458483754512633
SRE,LSTM_MLP,10,short,H4,HighVol,0.0724872448098289,0.08920991918400488,-1.8835120408461683,0.49458483754512633
SRE,SVR,30,medium,H4,Overall,0.16758865505231665,0.19628015046029243,-5.035729683934293,0.5054545454545455
SRE,SVR,30,medium,H4,HighVol,0.16758865505231665,0.19628015046029243,-5.035729683934293,0.5054545454545455
SRE,RF,30,medium,H4,Overall,0.08256980391322809,0.10615942353874269,-0.7656073169980495,0.56
SRE,RF,30,medium,H4,HighVol,0.08256980391322809,0.10615942353874269,-0.7656073169980495,0.56
SRE,LSTM_MLP,30,medium,H4,Overall,0.08721780805950397,0.1136102382231542,-1.0221434349063077,0.5654545454545454
SRE,LSTM_MLP,30,medium,H4,HighVol,0.08721780805950397,0.1136102382231542,-1.0221434349063077,0.5654545454545454
SRE,SVR,60,long,H4,Overall,0.21776605125747117,0.2551854965441914,-7.102770940279351,0.5459558823529411
SRE,SVR,60,long,H4,HighVol,0.21776605125747117,0.2551854965441914,-7.102770940279351,0.5459558823529411
SRE,RF,60,long,H4,Overall,0.13962365678496877,0.17226477825583092,-2.692449509429013,0.46691176470588236
SRE,RF,60,long,H4,HighVol,0.13962365678496877,0.17226477825583092,-2.692449509429013,0.46691176470588236
SRE,LSTM_MLP,60,long,H4,Overall,0.12703814676170105,0.152262493993959,-1.8847452354797523,0.5349264705882353
SRE,LSTM_MLP,60,long,H4,HighVol,0.12703814676170105,0.152262493993959,-1.8847452354797523,0.5349264705882353
MGAM,SVR,5,short,H4,Overall,0.029779555998677123,0.03773769500744707,-0.16692355037112283,0.4702702702702703
MGAM,SVR,5,short,H4,HighVol,0.029779555998677123,0.03773769500744707,-0.16692355037112283,0.4702702702702703
MGAM,RF,5,short,H4,Overall,0.026611035506008657,0.03495872351551656,-0.0013889551598118555,0.5063063063063064
MGAM,RF,5,short,H4,HighVol,0.026611035506008657,0.03495872351551656,-0.0013889551598118555,0.5063063063063064
MGAM,LSTM_MLP,5,short,H4,Overall,0.05865532072226944,0.07305887069708016,-3.3735850254327318,0.4666666666666667
MGAM,LSTM_MLP,5,short,H4,HighVol,0.05865532072226944,0.07305887069708016,-3.3735850254327318,0.4666666666666667
MGAM,SVR,10,short,H4,Overall,0.04873792736953975,0.061781245757547905,-0.5446993533803453,0.51985559566787
MGAM,SVR,10,short,H4,HighVol,0.04873792736953975,0.061781245757547905,-0.5446993533803453,0.51985559566787
MGAM,RF,10,short,H4,Overall,0.03981820877560308,0.05150180859172741,-0.07343463342993362,0.5595667870036101
MGAM,RF,10,short,H4,HighVol,0.03981820877560308,0.05150180859172741,-0.07343463342993362,0.5595667870036101
MGAM,LSTM_MLP,10,short,H4,Overall,0.06583704846997945,0.08223650020708577,-1.7369059981927761,0.4675090252707581
MGAM,LSTM_MLP,10,short,H4,HighVol,0.06583704846997945,0.08223650020708577,-1.7369059981927761,0.4675090252707581
MGAM,SVR,30,medium,H4,Overall,0.09361498420823913,0.12180487366435971,-0.7285379403740257,0.6090909090909091
MGAM,SVR,30,medium,H4,HighVol,0.09361498420823913,0.12180487366435971,-0.7285379403740257,0.6090909090909091
MGAM,RF,30,medium,H4,Overall,0.07252658409212649,0.0929606046448794,-0.0068098710570436705,0.5872727272727273
MGAM,RF,30,medium,H4,HighVol,0.07252658409212649,0.0929606046448794,-0.0068098710570436705,0.5872727272727273
MGAM,LSTM_MLP,30,medium,H4,Overall,0.08710997163871771,0.11100317486941143,-0.43555681796221046,0.5454545454545454
MGAM,LSTM_MLP,30,medium,H4,HighVol,0.08710997163871771,0.11100317486941143,-0.43555681796221046,0.5454545454545454
MGAM,SVR,60,long,H4,Overall,0.11780314312589535,0.16445485671565876,-0.5678854389689025,0.5919117647058824
MGAM,SVR,60,long,H4,HighVol,0.11780314312589535,0.16445485671565876,-0.5678854389689025,0.5919117647058824
MGAM,RF,60,long,H4,Overall,0.1475184382614387,0.19359080761725692,-1.1726530655173981,0.5238970588235294
MGAM,RF,60,long,H4,HighVol,0.1475184382614387,0.19359080761725692,-1.1726530655173981,0.5238970588235294
MGAM,LSTM_MLP,60,long,H4,Overall,0.11321397891205986,0.14089421954716272,-0.15081965561479493,0.6158088235294118
MGAM,LSTM_MLP,60,long,H4,HighVol,0.11321397891205986,0.14089421954716272,-0.15081965561479493,0.6158088235294118
ICGT,SVR,5,short,H4,Overall,0.04013268757409686,0.04931544400605481,-1.8773470141592945,0.4828828828828829
ICGT,SVR,5,short,H4,HighVol,0.04013268757409686,0.04931544400605481,-1.8773470141592945,0.4828828828828829
ICGT,RF,5,short,H4,Overall,0.026236985564315567,0.03321452387820351,-0.3052160612458832,0.4846846846846847
ICGT,RF,5,short,H4,HighVol,0.026236985564315567,0.03321452387820351,-0.3052160612458832,0.4846846846846847
ICGT,LSTM_MLP,5,short,H4,Overall,0.0469298089759577,0.05920535472399703,-3.1471364197581453,0.4864864864864865
ICGT,LSTM_MLP,5,short,H4,HighVol,0.0469298089759577,0.05920535472399703,-3.1471364197581453,0.4864864864864865
ICGT,SVR,10,short,H4,Overall,0.051374294782206016,0.0651198371468298,-1.5124896131923755,0.4566787003610108
ICGT,SVR,10,short,H4,HighVol,0.051374294782206016,0.0651198371468298,-1.5124896131923755,0.4566787003610108
ICGT,RF,10,short,H4,Overall,0.036663105003820605,0.04710429209916676,-0.31461513009445397,0.5288808664259927
ICGT,RF,10,short,H4,HighVol,0.036663105003820605,0.04710429209916676,-0.31461513009445397,0.5288808664259927
ICGT,LSTM_MLP,10,short,H4,Overall,0.06621349645754428,0.08315304156769524,-3.096697929178961,0.48736462093862815
ICGT,LSTM_MLP,10,short,H4,HighVol,0.06621349645754428,0.08315304156769524,-3.096697929178961,0.48736462093862815
ICGT,SVR,30,medium,H4,Overall,0.17566763439049154,0.21812493775536343,-10.867937687185208,0.39090909090909093
ICGT,SVR,30,medium,H4,HighVol,0.17566763439049154,0.21812493775536343,-10.867937687185208,0.39090909090909093
ICGT,RF,30,medium,H4,Overall,0.17972819253975672,0.2519196218359633,-14.83028041781669,0.42363636363636364
ICGT,RF,30,medium,H4,HighVol,0.17972819253975672,0.2519196218359633,-14.83028041781669,0.42363636363636364
ICGT,LSTM_MLP,30,medium,H4,Overall,0.16665651573668097,0.19625627656821198,-8.607529500908521,0.42363636363636364
ICGT,LSTM_MLP,30,medium,H4,HighVol,0.16665651573668097,0.19625627656821198,-8.607529500908521,0.42363636363636364
ICGT,SVR,60,long,H4,Overall,0.5385784523297393,0.5883127100043221,-59.618935099266274,0.3860294117647059
ICGT,SVR,60,long,H4,HighVol,0.5385784523297393,0.5883127100043221,-59.618935099266274,0.3860294117647059
ICGT,RF,60,long,H4,Overall,0.2282693870016447,0.24778681893862828,-9.75346042744459,0.28860294117647056
ICGT,RF,60,long,H4,HighVol,0.2282693870016447,0.24778681893862828,-9.75346042744459,0.28860294117647056
ICGT,LSTM_MLP,60,long,H4,Overall,0.2693652210855372,0.30105898155500826,-14.87431584136979,0.39338235294117646
ICGT,LSTM_MLP,60,long,H4,HighVol,0.2693652210855372,0.30105898155500826,-14.87431584136979,0.39338235294117646
PAY,SVR,5,short,H4,Overall,0.031208595857295615,0.04050188496957429,-0.1325262085118526,0.46126126126126127
PAY,SVR,5,short,H4,HighVol,0.031208595857295615,0.04050188496957429,-0.1325262085118526,0.46126126126126127
PAY,RF,5,short,H4,Overall,0.058743791593441085,0.06997024508965254,-2.3800613234815455,0.4990990990990991
PAY,RF,5,short,H4,HighVol,0.058743791593441085,0.06997024508965254,-2.3800613234815455,0.4990990990990991
PAY,LSTM_MLP,5,short,H4,Overall,0.0789716967119762,0.10279464203311792,-6.295225930049277,0.4972972972972973
PAY,LSTM_MLP,5,short,H4,HighVol,0.0789716967119762,0.10279464203311792,-6.295225930049277,0.4972972972972973
PAY,SVR,10,short,H4,Overall,0.08771028898301275,0.10827885933029821,-2.6794194249827115,0.4855595667870036
PAY,SVR,10,short,H4,HighVol,0.08771028898301275,0.10827885933029821,-2.6794194249827115,0.4855595667870036
PAY,RF,10,short,H4,Overall,0.090864310495402,0.10688150343413245,-2.585065221580412,0.49097472924187724
PAY,RF,10,short,H4,HighVol,0.090864310495402,0.10688150343413245,-2.585065221580412,0.49097472924187724
PAY,LSTM_MLP,10,short,H4,Overall,0.09457185456680785,0.12144612576902845,-3.6287026542477614,0.5090252707581228
PAY,LSTM_MLP,10,short,H4,HighVol,0.09457185456680785,0.12144612576902845,-3.6287026542477614,0.5090252707581228
PAY,SVR,30,medium,H4,Overall,0.1820144622503731,0.24170424292397,-5.288677924796561,0.5436363636363636
PAY,SVR,30,medium,H4,HighVol,0.1820144622503731,0.24170424292397,-5.288677924796561,0.5436363636363636
PAY,RF,30,medium,H4,Overall,0.13496199617361176,0.16243702238118998,-1.8402779633683375,0.5236363636363637
PAY,RF,30,medium,H4,HighVol,0.13496199617361176,0.16243702238118998,-1.8402779633683375,0.5236363636363637
PAY,LSTM_MLP,30,medium,H4,Overall,0.20231323884414684,0.24010892754136734,-5.205937827981861,0.5309090909090909
PAY,LSTM_MLP,30,medium,H4,HighVol,0.20231323884414684,0.24010892754136734,-5.205937827981861,0.5309090909090909
PAY,SVR,60,long,H4,Overall,0.15323105436952159,0.19123731245150724,-0.796225529816394,0.5992647058823529
PAY,SVR,60,long,H4,HighVol,0.15323105436952159,0.19123731245150724,-0.796225529816394,0.5992647058823529
PAY,RF,60,long,H4,Overall,0.15415690295843262,0.18080201996702844,-0.6055437996589585,0.5551470588235294
PAY,RF,60,long,H4,HighVol,0.15415690295843262,0.18080201996702844,-0.6055437996589585,0.5551470588235294
PAY,LSTM_MLP,60,long,H4,Overall,0.2708616740152843,0.30602324069791503,-3.5996461321725297,0.6139705882352942
PAY,LSTM_MLP,60,long,H4,HighVol,0.2708616740152843,0.30602324069791503,-3.5996461321725297,0.6139705882352942
BIOG,SVR,5,short,H4,Overall,0.03851499653433298,0.04825978260322912,-1.3086679284317433,0.527927927927928
BIOG,SVR,5,short,H4,HighVol,0.03851499653433298,0.04825978260322912,-1.3086679284317433,0.527927927927928
BIOG,RF,5,short,H4,Overall,0.025907263306168434,0.03320817512244227,-0.09315254114671934,0.5081081081081081
BIOG,RF,5,short,H4,HighVol,0.025907263306168434,0.03320817512244227,-0.09315254114671934,0.5081081081081081
BIOG,LSTM_MLP,5,short,H4,Overall,0.04975865071846061,0.062139907331467174,-2.827647628280671,0.47927927927927927
BIOG,LSTM_MLP,5,short,H4,HighVol,0.04975865071846061,0.062139907331467174,-2.827647628280671,0.47927927927927927
BIOG,SVR,10,short,H4,Overall,0.05315930954669711,0.06696580905896933,-1.4045462015475554,0.575812274368231
BIOG,SVR,10,short,H4,HighVol,0.05315930954669711,0.06696580905896933,-1.4045462015475554,0.575812274368231
BIOG,RF,10,short,H4,Overall,0.04345812391708365,0.054753626999395524,-0.6075062564072471,0.5180505415162455
BIOG,RF,10,short,H4,HighVol,0.04345812391708365,0.054753626999395524,-0.6075062564072471,0.5180505415162455
BIOG,LSTM_MLP,10,short,H4,Overall,0.05492628365150016,0.06763064798664366,-1.4525280477406142,0.4927797833935018
BIOG,LSTM_MLP,10,short,H4,HighVol,0.05492628365150016,0.06763064798664366,-1.4525280477406142,0.4927797833935018
BIOG,SVR,30,medium,H4,Overall,0.11090494093760085,0.12589908266686672,-1.7777652639007249,0.5236363636363637
BIOG,SVR,30,medium,H4,HighVol,0.11090494093760085,0.12589908266686672,-1.7777652639007249,0.5236363636363637
BIOG,RF,30,medium,H4,Overall,0.07152318587054318,0.08560128316815988,-0.2841358213261984,0.56
BIOG,RF,30,medium,H4,HighVol,0.07152318587054318,0.08560128316815988,-0.2841358213261984,0.56
BIOG,LSTM_MLP,30,medium,H4,Overall,0.07332121593697186,0.091379928149673,-0.4633628844436257,0.56
BIOG,LSTM_MLP,30,medium,H4,HighVol,0.07332121593697186,0.091379928149673,-0.4633628844436257,0.56
BIOG,SVR,60,long,H4,Overall,0.13976165217315653,0.16559603350965657,-1.8248688994786155,0.5625
BIOG,SVR,60,long,H4,HighVol,0.13976165217315653,0.16559603350965657,-1.8248688994786155,0.5625
BIOG,RF,60,long,H4,Overall,0.09873195818729602,0.12315168219245094,-0.5623528868103624,0.5827205882352942
BIOG,RF,60,long,H4,HighVol,0.09873195818729602,0.12315168219245094,-0.5623528868103624,0.5827205882352942
BIOG,LSTM_MLP,60,long,H4,Overall,0.09743483403723344,0.11772510809342786,-0.42769892668199483,0.5036764705882353
BIOG,LSTM_MLP,60,long,H4,HighVol,0.09743483403723344,0.11772510809342786,-0.42769892668199483,0.5036764705882353
GSK,SVR,5,short,H4,Overall,0.02832903275057141,0.03522862757870892,-0.6402429941588283,0.5099099099099099
GSK,SVR,5,short,H4,HighVol,0.02832903275057141,0.03522862757870892,-0.6402429941588283,0.5099099099099099
GSK,RF,5,short,H4,Overall,0.02389876843573576,0.030398721162816323,-0.22131409724975315,0.5387387387387388
GSK,RF,5,short,H4,HighVol,0.02389876843573576,0.030398721162816323,-0.22131409724975315,0.5387387387387388
GSK,LSTM_MLP,5,short,H4,Overall,0.08983603287720565,0.11921277326789445,-17.78288609734881,0.5171171171171172
GSK,LSTM_MLP,5,short,H4,HighVol,0.08983603287720565,0.11921277326789445,-17.78288609734881,0.5171171171171172
GSK,SVR,10,short,H4,Overall,0.03845459440419201,0.0506357795741649,-0.6839254188875576,0.516245487364621
GSK,SVR,10,short,H4,HighVol,0.03845459440419201,0.0506357795741649,-0.6839254188875576,0.516245487364621
GSK,RF,10,short,H4,Overall,0.033026684494971544,0.04236818384354609,-0.17892871863260273,0.5234657039711191
GSK,RF,10,short,H4,HighVol,0.033026684494971544,0.04236818384354609,-0.17892871863260273,0.5234657039711191
GSK,LSTM_MLP,10,short,H4,Overall,0.08946656782969158,0.11508680235552998,-7.6987910392212076,0.5108303249097473
GSK,LSTM_MLP,10,short,H4,HighVol,0.08946656782969158,0.11508680235552998,-7.6987910392212076,0.5108303249097473
GSK,SVR,30,medium,H4,Overall,0.06253382509820907,0.07819523051517142,-0.3847978704131576,0.6090909090909091
GSK,SVR,30,medium,H4,HighVol,0.06253382509820907,0.07819523051517142,-0.3847978704131576,0.6090909090909091
GSK,RF,30,medium,H4,Overall,0.055389712544750405,0.0691294160723671,-0.08230991097969476,0.5636363636363636
GSK,RF,30,medium,H4,HighVol,0.055389712544750405,0.0691294160723671,-0.08230991097969476,0.5636363636363636
GSK,LSTM_MLP,30,medium,H4,Overall,0.10457875659039388,0.13151929238335758,-2.917461938226962,0.56
GSK,LSTM_MLP,30,medium,H4,HighVol,0.10457875659039388,0.13151929238335758,-2.917461938226962,0.56
GSK,SVR,60,long,H4,Overall,0.10029911980326141,0.12269297686456543,-1.1059276339473714,0.5018382352941176
GSK,SVR,60,long,H4,HighVol,0.10029911980326141,0.12269297686456543,-1.1059276339473714,0.5018382352941176
GSK,RF,60,long,H4,Overall,0.08138634912424773,0.09727107781970307,-0.323644904719949,0.4264705882352941
GSK,RF,60,long,H4,HighVol,0.08138634912424773,0.09727107781970307,-0.323644904719949,0.4264705882352941
GSK,LSTM_MLP,60,long,H4,Overall,0.11775131993304952,0.15310080576541077,-2.2791326745961284,0.6286764705882353
GSK,LSTM_MLP,60,long,H4,HighVol,0.11775131993304952,0.15310080576541077,-2.2791326745961284,0.6286764705882353
JCGI,SVR,5,short,H4,Overall,0.03976582417229724,0.051882260852571895,-0.13001715187969443,0.4954954954954955
JCGI,SVR,5,short,H4,HighVol,0.03976582417229724,0.051882260852571895,-0.13001715187969443,0.4954954954954955
JCGI,RF,5,short,H4,Overall,0.036731532133874804,0.050221517725745464,-0.058831653851336485,0.4720720720720721
JCGI,RF,5,short,H4,HighVol,0.036731532133874804,0.050221517725745464,-0.058831653851336485,0.4720720720720721
JCGI,LSTM_MLP,5,short,H4,Overall,0.07545917364871269,0.09596751914446865,-2.8663021026841884,0.5117117117117117
JCGI,LSTM_MLP,5,short,H4,HighVol,0.07545917364871269,0.09596751914446865,-2.8663021026841884,0.5117117117117117
JCGI,SVR,10,short,H4,Overall,0.08961522228089863,0.10564024450754511,-1.0331275313437294,0.44765342960288806
JCGI,SVR,10,short,H4,HighVol,0.08961522228089863,0.10564024450754511,-1.0331275313437294,0.44765342960288806
JCGI,RF,10,short,H4,Overall,0.05946432913613445,0.0769380622513032,-0.07842094469956207,0.5
JCGI,RF,10,short,H4,HighVol,0.05946432913613445,0.0769380622513032,-0.07842094469956207,0.5
JCGI,LSTM_MLP,10,short,H4,Overall,0.09139553880553906,0.1175449699050647,-1.5171779811983694,0.5361010830324909
JCGI,LSTM_MLP,10,short,H4,HighVol,0.09139553880553906,0.1175449699050647,-1.5171779811983694,0.5361010830324909
JCGI,SVR,30,medium,H4,Overall,0.27491509955028237,0.3115292549619792,-5.44258354219061,0.42727272727272725
JCGI,SVR,30,medium,H4,HighVol,0.27491509955028237,0.3115292549619792,-5.44258354219061,0.42727272727272725
JCGI,RF,30,medium,H4,Overall,0.1848013611365651,0.2076643407539951,-1.8627685756381065,0.4254545454545455
JCGI,RF,30,medium,H4,HighVol,0.1848013611365651,0.2076643407539951,-1.8627685756381065,0.4254545454545455
JCGI,LSTM_MLP,30,medium,H4,Overall,0.10781570826489059,0.13717084133933555,-0.24906773668413495,0.5927272727272728
JCGI,LSTM_MLP,30,medium,H4,HighVol,0.10781570826489059,0.13717084133933555,-0.24906773668413495,0.5927272727272728
JCGI,SVR,60,long,H4,Overall,0.49150296787060055,0.5705860218012718,-10.64796975074137,0.49264705882352944
JCGI,SVR,60,long,H4,HighVol,0.49150296787060055,0.5705860218012718,-10.64796975074137,0.49264705882352944
JCGI,RF,60,long,H4,Overall,0.17832636446433384,0.21197948390664043,-0.6076653030289692,0.4742647058823529
JCGI,RF,60,long,H4,HighVol,0.17832636446433384,0.21197948390664043,-0.6076653030289692,0.4742647058823529
JCGI,LSTM_MLP,60,long,H4,Overall,0.17543966325822993,0.20905561590363522,-0.5636215779530567,0.5698529411764706
JCGI,LSTM_MLP,60,long,H4,HighVol,0.17543966325822993,0.20905561590363522,-0.5636215779530567,0.5698529411764706
IBT,SVR,5,short,H4,Overall,0.02484405227643263,0.03143454492159559,-0.45601863464938486,0.4918918918918919
IBT,SVR,5,short,H4,HighVol,0.02484405227643263,0.03143454492159559,-0.45601863464938486,0.4918918918918919
IBT,RF,5,short,H4,Overall,0.019822160176421976,0.025858124195493375,0.014749616856836956,0.5333333333333333
IBT,RF,5,short,H4,HighVol,0.019822160176421976,0.025858124195493375,0.014749616856836956,0.5333333333333333
IBT,LSTM_MLP,5,short,H4,Overall,0.03783655002608274,0.049100149769230904,-2.5523701497936644,0.4972972972972973
IBT,LSTM_MLP,5,short,H4,HighVol,0.03783655002608274,0.049100149769230904,-2.5523701497936644,0.4972972972972973
IBT,SVR,10,short,H4,Overall,0.03735126160599026,0.04758403192649213,-1.037565153708516,0.5379061371841155
IBT,SVR,10,short,H4,HighVol,0.03735126160599026,0.04758403192649213,-1.037565153708516,0.5379061371841155
IBT,RF,10,short,H4,Overall,0.027171843265751013,0.03485072576846343,-0.09298117456987454,0.555956678700361
IBT,RF,10,short,H4,HighVol,0.027171843265751013,0.03485072576846343,-0.09298117456987454,0.555956678700361
IBT,LSTM_MLP,10,short,H4,Overall,0.04242544924211804,0.05448946481815395,-1.6718625520092822,0.5667870036101083
IBT,LSTM_MLP,10,short,H4,HighVol,0.04242544924211804,0.05448946481815395,-1.6718625520092822,0.5667870036101083
IBT,SVR,30,medium,H4,Overall,0.07060321939467672,0.08532169103748605,-1.5176715391663693,0.5181818181818182
IBT,SVR,30,medium,H4,HighVol,0.07060321939467672,0.08532169103748605,-1.5176715391663693,0.5181818181818182
IBT,RF,30,medium,H4,Overall,0.04758975387965435,0.0596516939954776,-0.23062497414873406,0.5818181818181818
IBT,RF,30,medium,H4,HighVol,0.04758975387965435,0.0596516939954776,-0.23062497414873406,0.5818181818181818
IBT,LSTM_MLP,30,medium,H4,Overall,0.0618330098083874,0.07573908012386742,-0.9839019945239407,0.5436363636363636
IBT,LSTM_MLP,30,medium,H4,HighVol,0.0618330098083874,0.07573908012386742,-0.9839019945239407,0.5436363636363636
IBT,SVR,60,long,H4,Overall,0.0719910898742534,0.0910918513338168,-0.727465804627359,0.5753676470588235
IBT,SVR,60,long,H4,HighVol,0.0719910898742534,0.0910918513338168,-0.727465804627359,0.5753676470588235
IBT,RF,60,long,H4,Overall,0.05077001055041445,0.0642727962610745,0.13998744488782944,0.6930147058823529
IBT,RF,60,long,H4,HighVol,0.05077001055041445,0.0642727962610745,0.13998744488782944,0.6930147058823529
IBT,LSTM_MLP,60,long,H4,Overall,0.0897018916244599,0.10677667924489594,-1.3735764381091986,0.5827205882352942
IBT,LSTM_MLP,60,long,H4,HighVol,0.0897018916244599,0.10677667924489594,-1.3735764381091986,0.5827205882352942
BGCG,SVR,5,short,H4,Overall,0.04071912120479417,0.05133633913588651,-0.61813645570392,0.4486486486486487
BGCG,SVR,5,short,H4,HighVol,0.04071912120479417,0.05133633913588651,-0.61813645570392,0.4486486486486487
BGCG,RF,5,short,H4,Overall,0.028833435802125745,0.040151620778583086,0.010145154008214252,0.47927927927927927
BGCG,RF,5,short,H4,HighVol,0.028833435802125745,0.040151620778583086,0.010145154008214252,0.47927927927927927
BGCG,LSTM_MLP,5,short,H4,Overall,0.06454575969021456,0.08606333933632716,-3.547803986016863,0.47927927927927927
BGCG,LSTM_MLP,5,short,H4,HighVol,0.06454575969021456,0.08606333933632716,-3.547803986016863,0.47927927927927927
BGCG,SVR,10,short,H4,Overall,0.07773959190480849,0.09149566539729824,-1.2748724600311143,0.4151624548736462
BGCG,SVR,10,short,H4,HighVol,0.07773959190480849,0.09149566539729824,-1.2748724600311143,0.4151624548736462
BGCG,RF,10,short,H4,Overall,0.044326868492088375,0.06019375576699967,0.01540211853315343,0.4602888086642599
BGCG,RF,10,short,H4,HighVol,0.044326868492088375,0.06019375576699967,0.01540211853315343,0.4602888086642599
BGCG,LSTM_MLP,10,short,H4,Overall,0.07421324007099477,0.1000867681839516,-1.722133031178473,0.48375451263537905
BGCG,LSTM_MLP,10,short,H4,HighVol,0.07421324007099477,0.1000867681839516,-1.722133031178473,0.48375451263537905
BGCG,SVR,30,medium,H4,Overall,0.1191894067882701,0.1377170377697029,-0.7601053075996178,0.41818181818181815
BGCG,SVR,30,medium,H4,HighVol,0.1191894067882701,0.1377170377697029,-0.7601053075996178,0.41818181818181815
BGCG,RF,30,medium,H4,Overall,0.0865027773250058,0.10853574467329723,-0.09322332166952707,0.4781818181818182
BGCG,RF,30,medium,H4,HighVol,0.0865027773250058,0.10853574467329723,-0.09322332166952707,0.4781818181818182
BGCG,LSTM_MLP,30,medium,H4,Overall,0.11776082538936443,0.14421234876885766,-0.9300484340619717,0.3890909090909091
BGCG,LSTM_MLP,30,medium,H4,HighVol,0.11776082538936443,0.14421234876885766,-0.9300484340619717,0.3890909090909091
BGCG,SVR,60,long,H4,Overall,0.17089974384799037,0.20646480792263974,-1.034842479505437,0.4724264705882353
BGCG,SVR,60,long,H4,HighVol,0.17089974384799037,0.20646480792263974,-1.034842479505437,0.4724264705882353
BGCG,RF,60,long,H4,Overall,0.12955147997870417,0.15067218218800557,-0.08368953344346819,0.4172794117647059
BGCG,RF,60,long,H4,HighVol,0.12955147997870417,0.15067218218800557,-0.08368953344346819,0.4172794117647059
BGCG,LSTM_MLP,60,long,H4,Overall,0.14218111501848324,0.16970661975480214,-0.37478976048629264,0.4411764705882353
BGCG,LSTM_MLP,60,long,H4,HighVol,0.14218111501848324,0.16970661975480214,-0.37478976048629264,0.4411764705882353
BKG,SVR,5,short,H4,Overall,0.03506648658310217,0.044430724209515986,-1.0024513841143743,0.47927927927927927
BKG,SVR,5,short,H4,HighVol,0.03506648658310217,0.044430724209515986,-1.0024513841143743,0.47927927927927927
BKG,RF,5,short,H4,Overall,0.026443325584617768,0.034456843109915605,-0.20433183776355035,0.5711711711711712
BKG,RF,5,short,H4,HighVol,0.026443325584617768,0.034456843109915605,-0.20433183776355035,0.5711711711711712
BKG,LSTM_MLP,5,short,H4,Overall,0.04065016782343951,0.05297558379537906,-1.8467327610056117,0.5243243243243243
BKG,LSTM_MLP,5,short,H4,HighVol,0.04065016782343951,0.05297558379537906,-1.8467327610056117,0.5243243243243243
BKG,SVR,10,short,H4,Overall,0.059860726639423295,0.07537949444502066,-1.6775659086401271,0.5270758122743683
BKG,SVR,10,short,H4,HighVol,0.059860726639423295,0.07537949444502066,-1.6775659086401271,0.5270758122743683
BKG,RF,10,short,H4,Overall,0.03886577601090357,0.04913748661122888,-0.1377834335898942,0.5631768953068592
BKG,RF,10,short,H4,HighVol,0.03886577601090357,0.04913748661122888,-0.1377834335898942,0.5631768953068592
BKG,LSTM_MLP,10,short,H4,Overall,0.05706438436356295,0.07336465262094087,-1.536339936766594,0.5252707581227437
BKG,LSTM_MLP,10,short,H4,HighVol,0.05706438436356295,0.07336465262094087,-1.536339936766594,0.5252707581227437
BKG,SVR,30,medium,H4,Overall,0.10040345700818845,0.12789124222639373,-1.4434453021551126,0.5727272727272728
BKG,SVR,30,medium,H4,HighVol,0.10040345700818845,0.12789124222639373,-1.4434453021551126,0.5727272727272728
BKG,RF,30,medium,H4,Overall,0.08651012677060878,0.10726679613231616,-0.7189040247904337,0.6854545454545454
BKG,RF,30,medium,H4,HighVol,0.08651012677060878,0.10726679613231616,-0.7189040247904337,0.6854545454545454
BKG,LSTM_MLP,30,medium,H4,Overall,0.08599531191568544,0.10604415035786845,-0.6799426023590502,0.6290909090909091
BKG,LSTM_MLP,30,medium,H4,HighVol,0.08599531191568544,0.10604415035786845,-0.6799426023590502,0.6290909090909091
BKG,SVR,60,long,H4,Overall,0.11189093936936463,0.13938464592791155,-0.9282289029052428,0.5716911764705882
BKG,SVR,60,long,H4,HighVol,0.11189093936936463,0.13938464592791155,-0.9282289029052428,0.5716911764705882
BKG,RF,60,long,H4,Overall,0.07175711647269213,0.08688531970353595,0.25075902052091703,0.7334558823529411
BKG,RF,60,long,H4,HighVol,0.07175711647269213,0.08688531970353595,0.25075902052091703,0.7334558823529411
BKG,LSTM_MLP,60,long,H4,Overall,0.08568539923717151,0.10543680287635034,-0.10334967886566382,0.6599264705882353
BKG,LSTM_MLP,60,long,H4,HighVol,0.08568539923717151,0.10543680287635034,-0.10334967886566382,0.6599264705882353
FRAS,SVR,5,short,H4,Overall,0.0624716469079699,0.07681311735675925,-2.7802201238735034,0.4990990990990991
FRAS,SVR,5,short,H4,HighVol,0.0624716469079699,0.07681311735675925,-2.7802201238735034,0.4990990990990991
FRAS,RF,5,short,H4,Overall,0.049727796155982634,0.06299246919061725,-1.5422811231381055,0.4846846846846847
FRAS,RF,5,short,H4,HighVol,0.049727796155982634,0.06299246919061725,-1.5422811231381055,0.4846846846846847
FRAS,LSTM_MLP,5,short,H4,Overall,0.07177006702724022,0.08359795754504107,-3.4775211108677633,0.5045045045045045
FRAS,LSTM_MLP,5,short,H4,HighVol,0.07177006702724022,0.08359795754504107,-3.4775211108677633,0.5045045045045045
FRAS,SVR,10,short,H4,Overall,0.08972770272268708,0.10942668702985761,-2.3175483958097782,0.5397111913357401
FRAS,SVR,10,short,H4,HighVol,0.08972770272268708,0.10942668702985761,-2.3175483958097782,0.5397111913357401
FRAS,RF,10,short,H4,Overall,0.07195679989470856,0.08408318729167312,-0.9587954973771047,0.5
FRAS,RF,10,short,H4,HighVol,0.07195679989470856,0.08408318729167312,-0.9587954973771047,0.5
FRAS,LSTM_MLP,10,short,H4,Overall,0.09204293222568233,0.10401210176120984,-1.9973572558199066,0.5126353790613718
FRAS,LSTM_MLP,10,short,H4,HighVol,0.09204293222568233,0.10401210176120984,-1.9973572558199066,0.5126353790613718
FRAS,SVR,30,medium,H4,Overall,0.1374545423352816,0.173366265019118,-1.9522626316246536,0.6127272727272727
FRAS,SVR,30,medium,H4,HighVol,0.1374545423352816,0.173366265019118,-1.9522626316246536,0.6127272727272727
FRAS,RF,30,medium,H4,Overall,0.17836892812606747,0.20016992163736866,-2.9357131873405176,0.54
FRAS,RF,30,medium,H4,HighVol,0.17836892812606747,0.20016992163736866,-2.9357131873405176,0.54
FRAS,LSTM_MLP,30,medium,H4,Overall,0.13546360744092287,0.15555875291694246,-1.3769207903774028,0.5890909090909091
FRAS,LSTM_MLP,30,medium,H4,HighVol,0.13546360744092287,0.15555875291694246,-1.3769207903774028,0.5890909090909091
FRAS,SVR,60,long,H4,Overall,0.13534330461478242,0.16980901992827682,-1.6261126989131407,0.5165441176470589
FRAS,SVR,60,long,H4,HighVol,0.13534330461478242,0.16980901992827682,-1.6261126989131407,0.5165441176470589
FRAS,RF,60,long,H4,Overall,0.13789890014196018,0.15510110586570158,-1.190895370283568,0.5257352941176471
FRAS,RF,60,long,H4,HighVol,0.13789890014196018,0.15510110586570158,-1.190895370283568,0.5257352941176471
FRAS,LSTM_MLP,60,long,H4,Overall,0.15379561792033541,0.17898997945499773,-1.9177581132353856,0.5625
FRAS,LSTM_MLP,60,long,H4,HighVol,0.15379561792033541,0.17898997945499773,-1.9177581132353856,0.5625
GNS,SVR,5,short,H4,Overall,0.049206148970790994,0.06271230355848033,-0.5282563705382528,0.4828828828828829
GNS,SVR,5,short,H4,HighVol,0.049206148970790994,0.06271230355848033,-0.5282563705382528,0.4828828828828829
GNS,RF,5,short,H4,Overall,0.047584884778645115,0.06213664973999605,-0.5003285527033356,0.5225225225225225
GNS,RF,5,short,H4,HighVol,0.047584884778645115,0.06213664973999605,-0.5003285527033356,0.5225225225225225
GNS,LSTM_MLP,5,short,H4,Overall,0.06323940332876639,0.08105763874677804,-1.5531633654482464,0.5171171171171172
GNS,LSTM_MLP,5,short,H4,HighVol,0.06323940332876639,0.08105763874677804,-1.5531633654482464,0.5171171171171172
GNS,SVR,10,short,H4,Overall,0.0648133084965185,0.08195017259455324,-0.5540675829788151,0.4584837545126354
GNS,SVR,10,short,H4,HighVol,0.0648133084965185,0.08195017259455324,-0.5540675829788151,0.4584837545126354
GNS,RF,10,short,H4,Overall,0.06884890783701277,0.08817633151830437,-0.7991783201230807,0.5216606498194946
GNS,RF,10,short,H4,HighVol,0.06884890783701277,0.08817633151830437,-0.7991783201230807,0.5216606498194946
GNS,LSTM_MLP,10,short,H4,Overall,0.07197659996444052,0.09134313261789515,-0.9307318441984527,0.4657039711191336
GNS,LSTM_MLP,10,short,H4,HighVol,0.07197659996444052,0.09134313261789515,-0.9307318441984527,0.4657039711191336
GNS,SVR,30,medium,H4,Overall,0.09570441141260815,0.11963689439193848,-0.2255191767964968,0.5763636363636364
GNS,SVR,30,medium,H4,HighVol,0.09570441141260815,0.11963689439193848,-0.2255191767964968,0.5763636363636364
GNS,RF,30,medium,H4,Overall,0.0902255703322148,0.11186432382526428,-0.07145282310595169,0.52
GNS,RF,30,medium,H4,HighVol,0.0902255703322148,0.11186432382526428,-0.07145282310595169,0.52
GNS,LSTM_MLP,30,medium,H4,Overall,0.10495074380875445,0.13040028565711154,-0.45595159096918025,0.48727272727272725
GNS,LSTM_MLP,30,medium,H4,HighVol,0.10495074380875445,0.13040028565711154,-0.45595159096918025,0.48727272727272725
GNS,SVR,60,long,H4,Overall,0.16565705238776407,0.19245722755166955,-1.4752266051700942,0.34375
GNS,SVR,60,long,H4,HighVol,0.16565705238776407,0.19245722755166955,-1.4752266051700942,0.34375
GNS,RF,60,long,H4,Overall,0.13585366021535256,0.16063769157763008,-0.724413534973277,0.35110294117647056
GNS,RF,60,long,H4,HighVol,0.13585366021535256,0.16063769157763008,-0.724413534973277,0.35110294117647056
GNS,LSTM_MLP,60,long,H4,Overall,0.12648122838008002,0.15231873120609754,-0.5504334901616506,0.49264705882352944
GNS,LSTM_MLP,60,long,H4,HighVol,0.12648122838008002,0.15231873120609754,-0.5504334901616506,0.49264705882352944
VANQ,SVR,5,short,H4,Overall,0.09335318214607133,0.13989777451551566,-0.7805283193584158,0.46306306306306305
VANQ,SVR,5,short,H4,HighVol,0.09335318214607133,0.13989777451551566,-0.7805283193584158,0.46306306306306305
VANQ,RF,5,short,H4,Overall,0.11852942513273884,0.16352381905871563,-1.4327042660199032,0.47387387387387386
VANQ,RF,5,short,H4,HighVol,0.11852942513273884,0.16352381905871563,-1.4327042660199032,0.47387387387387386
VANQ,LSTM_MLP,5,short,H4,Overall,0.09107213797788856,0.13877913917800652,-0.7521676288522761,0.4990990990990991
VANQ,LSTM_MLP,5,short,H4,HighVol,0.09107213797788856,0.13877913917800652,-0.7521676288522761,0.4990990990990991
VANQ,SVR,10,short,H4,Overall,0.1350017789713496,0.19889850524313915,-0.6337757626502334,0.4404332129963899
VANQ,SVR,10,short,H4,HighVol,0.1350017789713496,0.19889850524313915,-0.6337757626502334,0.4404332129963899
VANQ,RF,10,short,H4,Overall,0.2076556923757781,0.27031265849687075,-2.0176035213016674,0.4368231046931408
VANQ,RF,10,short,H4,HighVol,0.2076556923757781,0.27031265849687075,-2.0176035213016674,0.4368231046931408
VANQ,LSTM_MLP,10,short,H4,Overall,0.1244569678765344,0.18755779526575808,-0.4527793169670222,0.5180505415162455
VANQ,LSTM_MLP,10,short,H4,HighVol,0.1244569678765344,0.18755779526575808,-0.4527793169670222,0.5180505415162455
VANQ,SVR,30,medium,H4,Overall,0.23030988934562413,0.33168668455434175,-0.5961805141214733,0.4818181818181818
VANQ,SVR,30,medium,H4,HighVol,0.23030988934562413,0.33168668455434175,-0.5961805141214733,0.4818181818181818
VANQ,RF,30,medium,H4,Overall,0.21074128196796998,0.3117288046132083,-0.409872366636612,0.4636363636363636
VANQ,RF,30,medium,H4,HighVol,0.21074128196796998,0.3117288046132083,-0.409872366636612,0.4636363636363636
VANQ,LSTM_MLP,30,medium,H4,Overall,0.2937766077411646,0.40834274576191176,-1.419221422781463,0.5181818181818182
VANQ,LSTM_MLP,30,medium,H4,HighVol,0.2937766077411646,0.40834274576191176,-1.419221422781463,0.5181818181818182
VANQ,SVR,60,long,H4,Overall,0.45343447255894204,0.5848449633014657,-2.061208980293757,0.4264705882352941
VANQ,SVR,60,long,H4,HighVol,0.45343447255894204,0.5848449633014657,-2.061208980293757,0.4264705882352941
VANQ,RF,60,long,H4,Overall,0.35350178407050037,0.4850534634742432,-1.1056718460352641,0.4889705882352941
VANQ,RF,60,long,H4,HighVol,0.35350178407050037,0.4850534634742432,-1.1056718460352641,0.4889705882352941
VANQ,LSTM_MLP,60,long,H4,Overall,0.5718979747083053,0.7180042367419248,-3.613871387162276,0.47610294117647056
VANQ,LSTM_MLP,60,long,H4,HighVol,0.5718979747083053,0.7180042367419248,-3.613871387162276,0.47610294117647056
MCB,SVR,5,short,H4,Overall,0.07466136233206115,0.09668525883508931,-0.7338762243978731,0.4954954954954955
MCB,SVR,5,short,H4,HighVol,0.07466136233206115,0.09668525883508931,-0.7338762243978731,0.4954954954954955
MCB,RF,5,short,H4,Overall,0.0582989704159384,0.08295808533036318,-0.2764829049967341,0.4864864864864865
MCB,RF,5,short,H4,HighVol,0.0582989704159384,0.08295808533036318,-0.2764829049967341,0.4864864864864865
MCB,LSTM_MLP,5,short,H4,Overall,0.08021737794958089,0.1031418894509154,-0.9731846528503132,0.4756756756756757
MCB,LSTM_MLP,5,short,H4,HighVol,0.08021737794958089,0.1031418894509154,-0.9731846528503132,0.4756756756756757
MCB,SVR,10,short,H4,Overall,0.10821025671855025,0.13860562912372967,-0.7206462329728198,0.5451263537906137
MCB,SVR,10,short,H4,HighVol,0.10821025671855025,0.13860562912372967,-0.7206462329728198,0.5451263537906137
MCB,RF,10,short,H4,Overall,0.09454021558852614,0.13010317217887662,-0.5160224147863208,0.4296028880866426
MCB,RF,10,short,H4,HighVol,0.09454021558852614,0.13010317217887662,-0.5160224147863208,0.4296028880866426
MCB,LSTM_MLP,10,short,H4,Overall,0.10488500998418386,0.13796275472719519,-0.7047220003679318,0.4729241877256318
MCB,LSTM_MLP,10,short,H4,HighVol,0.10488500998418386,0.13796275472719519,-0.7047220003679318,0.4729241877256318
MCB,SVR,30,medium,H4,Overall,0.24607278782881684,0.31908227886626,-1.4898507420138958,0.49454545454545457
MCB,SVR,30,medium,H4,HighVol,0.24607278782881684,0.31908227886626,-1.4898507420138958,0.49454545454545457
MCB,RF,30,medium,H4,Overall,0.23136069327112616,0.3115623862487235,-1.3738757614428012,0.3836363636363636
MCB,RF,30,medium,H4,HighVol,0.23136069327112616,0.3115623862487235,-1.3738757614428012,0.3836363636363636
MCB,LSTM_MLP,30,medium,H4,Overall,0.2127283487932041,0.2881269365068541,-1.0301852423607332,0.3690909090909091
MCB,LSTM_MLP,30,medium,H4,HighVol,0.2127283487932041,0.2881269365068541,-1.0301852423607332,0.3690909090909091
MCB,SVR,60,long,H4,Overall,0.6507215585543582,0.8416901723002487,-10.547845772013035,0.375
MCB,SVR,60,long,H4,HighVol,0.6507215585543582,0.8416901723002487,-10.547845772013035,0.375
MCB,RF,60,long,H4,Overall,0.3541525506940154,0.5451776406414904,-3.844762969411059,0.4025735294117647
MCB,RF,60,long,H4,HighVol,0.3541525506940154,0.5451776406414904,-3.844762969411059,0.4025735294117647
MCB,LSTM_MLP,60,long,H4,Overall,0.37482444081210653,0.4758733287564558,-2.691298715569529,0.25
MCB,LSTM_MLP,60,long,H4,HighVol,0.37482444081210653,0.4758733287564558,-2.691298715569529,0.25
ZIG,SVR,5,short,H4,Overall,0.04009354939504216,0.051260123684389536,-1.3019490607078317,0.4540540540540541
ZIG,SVR,5,short,H4,HighVol,0.04009354939504216,0.051260123684389536,-1.3019490607078317,0.4540540540540541
ZIG,RF,5,short,H4,Overall,0.033862501719644146,0.044204024759261364,-0.7118276481226586,0.5603603603603604
ZIG,RF,5,short,H4,HighVol,0.033862501719644146,0.044204024759261364,-0.7118276481226586,0.5603603603603604
ZIG,LSTM_MLP,5,short,H4,Overall,0.09237830266710642,0.11676126231127132,-10.943564865171862,0.4900900900900901
ZIG,LSTM_MLP,5,short,H4,HighVol,0.09237830266710642,0.11676126231127132,-10.943564865171862,0.4900900900900901
ZIG,SVR,10,short,H4,Overall,0.11391875680138935,0.1412081576744592,-7.365525064321892,0.516245487364621
ZIG,SVR,10,short,H4,HighVol,0.11391875680138935,0.1412081576744592,-7.365525064321892,0.516245487364621
ZIG,RF,10,short,H4,Overall,0.051228205008842384,0.062198281352248926,-0.6230443982524547,0.555956678700361
ZIG,RF,10,short,H4,HighVol,0.051228205008842384,0.062198281352248926,-0.6230443982524547,0.555956678700361
ZIG,LSTM_MLP,10,short,H4,Overall,0.11662778855324642,0.14236129013901783,-7.502711845921734,0.5234657039711191
ZIG,LSTM_MLP,10,short,H4,HighVol,0.11662778855324642,0.14236129013901783,-7.502711845921734,0.5234657039711191
ZIG,SVR,30,medium,H4,Overall,0.15848516805287458,0.1898399219391975,-3.533706300888773,0.48363636363636364
ZIG,SVR,30,medium,H4,HighVol,0.15848516805287458,0.1898399219391975,-3.533706300888773,0.48363636363636364
ZIG,RF,30,medium,H4,Overall,0.09407678047053966,0.11960802873235422,-0.7996951858001784,0.5581818181818182
ZIG,RF,30,medium,H4,HighVol,0.09407678047053966,0.11960802873235422,-0.7996951858001784,0.5581818181818182
ZIG,LSTM_MLP,30,medium,H4,Overall,0.17428091793121664,0.21022452200741495,-4.559619079696803,0.5636363636363636
ZIG,LSTM_MLP,30,medium,H4,HighVol,0.17428091793121664,0.21022452200741495,-4.559619079696803,0.5636363636363636
ZIG,SVR,60,long,H4,Overall,0.19574993442383928,0.24074035770234423,-2.429135638341104,0.5735294117647058
ZIG,SVR,60,long,H4,HighVol,0.19574993442383928,0.24074035770234423,-2.429135638341104,0.5735294117647058
ZIG,RF,60,long,H4,Overall,0.13876686921622958,0.23651381534005075,-2.3097858037122534,0.5882352941176471
ZIG,RF,60,long,H4,HighVol,0.13876686921622958,0.23651381534005075,-2.3097858037122534,0.5882352941176471
ZIG,LSTM_MLP,60,long,H4,Overall,0.2119317299832503,0.26270668245901907,-3.083467476998898,0.6121323529411765
ZIG,LSTM_MLP,60,long,H4,HighVol,0.2119317299832503,0.26270668245901907,-3.083467476998898,0.6121323529411765
EVOK,SVR,5,short,H4,Overall,0.13568884362719694,0.16445760802601703,-2.17409566916912,0.5243243243243243
EVOK,SVR,5,short,H4,HighVol,0.13568884362719694,0.16445760802601703,-2.17409566916912,0.5243243243243243
EVOK,RF,5,short,H4,Overall,0.21409378181348498,0.26734248661467624,-7.38779949324447,0.4882882882882883
EVOK,RF,5,short,H4,HighVol,0.21409378181348498,0.26734248661467624,-7.38779949324447,0.4882882882882883
EVOK,LSTM_MLP,5,short,H4,Overall,0.09271327943901943,0.12150166369169407,-0.7325130843715553,0.5153153153153153
EVOK,LSTM_MLP,5,short,H4,HighVol,0.09271327943901943,0.12150166369169407,-0.7325130843715553,0.5153153153153153
EVOK,SVR,10,short,H4,Overall,0.2172914570540233,0.2637638483811579,-2.625374792932452,0.5288808664259927
EVOK,SVR,10,short,H4,HighVol,0.2172914570540233,0.2637638483811579,-2.625374792932452,0.5288808664259927
EVOK,RF,10,short,H4,Overall,0.24833015683232443,0.28577508339813007,-3.255700827837603,0.5072202166064982
EVOK,RF,10,short,H4,HighVol,0.24833015683232443,0.28577508339813007,-3.255700827837603,0.5072202166064982
EVOK,LSTM_MLP,10,short,H4,Overall,0.13227754954647034,0.1700594582927638,-0.5070371289498685,0.49097472924187724
EVOK,LSTM_MLP,10,short,H4,HighVol,0.13227754954647034,0.1700594582927638,-0.5070371289498685,0.49097472924187724
EVOK,SVR,30,medium,H4,Overall,0.3326012192192996,0.42967096721465203,-4.1932655695084495,0.4763636363636364
EVOK,SVR,30,medium,H4,HighVol,0.3326012192192996,0.42967096721465203,-4.1932655695084495,0.4763636363636364
EVOK,RF,30,medium,H4,Overall,0.24197488676688697,0.2880617783440296,-1.3342092609429708,0.5563636363636364
EVOK,RF,30,medium,H4,HighVol,0.24197488676688697,0.2880617783440296,-1.3342092609429708,0.5563636363636364
EVOK,LSTM_MLP,30,medium,H4,Overall,0.19307279752757334,0.2443246021013385,-0.6792018853132122,0.49818181818181817
EVOK,LSTM_MLP,30,medium,H4,HighVol,0.19307279752757334,0.2443246021013385,-0.6792018853132122,0.49818181818181817
EVOK,SVR,60,long,H4,Overall,0.2322830576073734,0.2809172461902961,-0.103207382528413,0.6654411764705882
EVOK,SVR,60,long,H4,HighVol,0.2322830576073734,0.2809172461902961,-0.103207382528413,0.6654411764705882
EVOK,RF,60,long,H4,Overall,0.30390144190748136,0.3979215595164444,-1.2135803687924338,0.6121323529411765
EVOK,RF,60,long,H4,HighVol,0.30390144190748136,0.3979215595164444,-1.2135803687924338,0.6121323529411765
EVOK,LSTM_MLP,60,long,H4,Overall,0.32709543280916475,0.38935692984325077,-1.119318221388765,0.4889705882352941
EVOK,LSTM_MLP,60,long,H4,HighVol,0.32709543280916475,0.38935692984325077,-1.119318221388765,0.4889705882352941
PHAR,SVR,5,short,H4,Overall,0.04763428941954567,0.05992907199807796,-1.3574771343305456,0.4810810810810811
PHAR,SVR,5,short,H4,HighVol,0.04763428941954567,0.05992907199807796,-1.3574771343305456,0.4810810810810811
PHAR,RF,5,short,H4,Overall,0.03626631394215769,0.046714122935652316,-0.43241474320021767,0.527927927927928
PHAR,RF,5,short,H4,HighVol,0.03626631394215769,0.046714122935652316,-0.43241474320021767,0.527927927927928
PHAR,LSTM_MLP,5,short,H4,Overall,0.04565214855433684,0.058442000891293706,-1.2419325210851704,0.5369369369369369
PHAR,LSTM_MLP,5,short,H4,HighVol,0.04565214855433684,0.058442000891293706,-1.2419325210851704,0.5369369369369369
PHAR,SVR,10,short,H4,Overall,0.06292705231977168,0.08059642022364849,-1.6270710460889481,0.5234657039711191
PHAR,SVR,10,short,H4,HighVol,0.06292705231977168,0.08059642022364849,-1.6270710460889481,0.5234657039711191
PHAR,RF,10,short,H4,Overall,0.07632311254759469,0.08924415180854416,-2.221067644355038,0.5433212996389891
PHAR,RF,10,short,H4,HighVol,0.07632311254759469,0.08924415180854416,-2.221067644355038,0.5433212996389891
PHAR,LSTM_MLP,10,short,H4,Overall,0.06004998608591209,0.07404245542729229,-1.2171850313974049,0.51985559566787
PHAR,LSTM_MLP,10,short,H4,HighVol,0.06004998608591209,0.07404245542729229,-1.2171850313974049,0.51985559566787
PHAR,SVR,30,medium,H4,Overall,0.10633497776395845,0.13154461571898135,-1.4039514093449266,0.5145454545454545
PHAR,SVR,30,medium,H4,HighVol,0.10633497776395845,0.13154461571898135,-1.4039514093449266,0.5145454545454545
PHAR,RF,30,medium,H4,Overall,0.0629332682236045,0.08246947530238308,0.055143195959743374,0.5945454545454546
PHAR,RF,30,medium,H4,HighVol,0.0629332682236045,0.08246947530238308,0.055143195959743374,0.5945454545454546
PHAR,LSTM_MLP,30,medium,H4,Overall,0.15103166529762888,0.17174994649836312,-3.0980075370625837,0.43272727272727274
PHAR,LSTM_MLP,30,medium,H4,HighVol,0.15103166529762888,0.17174994649836312,-3.0980075370625837,0.43272727272727274
PHAR,SVR,60,long,H4,Overall,0.2070088793428173,0.23900576354310876,-5.7541557664021905,0.49816176470588236
PHAR,SVR,60,long,H4,HighVol,0.2070088793428173,0.23900576354310876,-5.7541557664021905,0.49816176470588236
PHAR,RF,60,long,H4,Overall,0.08623963742751702,0.10713907487950458,-0.35721955507687553,0.6323529411764706
PHAR,RF,60,long,H4,HighVol,0.08623963742751702,0.10713907487950458,-0.35721955507687553,0.6323529411764706
PHAR,LSTM_MLP,60,long,H4,Overall,0.4541137114811435,0.47642571404806355,-25.83766400752747,0.4485294117647059
PHAR,LSTM_MLP,60,long,H4,HighVol,0.4541137114811435,0.47642571404806355,-25.83766400752747,0.4485294117647059
CARR,SVR,5,short,H4,Overall,0.05447769521630668,0.066052166645446,-1.002884274485067,0.4018018018018018
CARR,SVR,5,short,H4,HighVol,0.05447769521630668,0.066052166645446,-1.002884274485067,0.4018018018018018
CARR,RF,5,short,H4,Overall,0.03595833302567279,0.04976682985973575,-0.13700316898588638,0.45585585585585586
CARR,RF,5,short,H4,HighVol,0.03595833302567279,0.04976682985973575,-0.13700316898588638,0.45585585585585586
CARR,LSTM_MLP,5,short,H4,Overall,0.09261149863403427,0.11949546957751357,-5.555179694411483,0.43423423423423424
CARR,LSTM_MLP,5,short,H4,HighVol,0.09261149863403427,0.11949546957751357,-5.555179694411483,0.43423423423423424
CARR,SVR,10,short,H4,Overall,0.06504841272039645,0.08478020728096795,-0.7012453679538726,0.48014440433212996
CARR,SVR,10,short,H4,HighVol,0.06504841272039645,0.08478020728096795,-0.7012453679538726,0.48014440433212996
CARR,RF,10,short,H4,Overall,0.058423849862723476,0.07333153949327309,-0.2727983763771793,0.45306859205776173
CARR,RF,10,short,H4,HighVol,0.058423849862723476,0.07333153949327309,-0.2727983763771793,0.45306859205776173
CARR,LSTM_MLP,10,short,H4,Overall,0.10117473190123229,0.12632478808551117,-2.777071137085199,0.4223826714801444
CARR,LSTM_MLP,10,short,H4,HighVol,0.10117473190123229,0.12632478808551117,-2.777071137085199,0.4223826714801444
CARR,SVR,30,medium,H4,Overall,0.17339094634263275,0.21965949379039298,-2.9226248474757224,0.5236363636363637
CARR,SVR,30,medium,H4,HighVol,0.17339094634263275,0.21965949379039298,-2.9226248474757224,0.5236363636363637
CARR,RF,30,medium,H4,Overall,0.15285278162193522,0.18149127986708866,-1.6778629386274195,0.4581818181818182
CARR,RF,30,medium,H4,HighVol,0.15285278162193522,0.18149127986708866,-1.6778629386274195,0.4581818181818182
CARR,LSTM_MLP,30,medium,H4,Overall,0.13146582146712107,0.1596942815815247,-1.0732684940560215,0.5145454545454545
CARR,LSTM_MLP,30,medium,H4,HighVol,0.13146582146712107,0.1596942815815247,-1.0732684940560215,0.5145454545454545
CARR,SVR,60,long,H4,Overall,0.13958500664012374,0.16980162743288657,-0.34020626459775616,0.5477941176470589
CARR,SVR,60,long,H4,HighVol,0.13958500664012374,0.16980162743288657,-0.34020626459775616,0.5477941176470589
CARR,RF,60,long,H4,Overall,0.11822615119943618,0.14343149159975,0.04373782707433782,0.5790441176470589
CARR,RF,60,long,H4,HighVol,0.11822615119943618,0.14343149159975,0.04373782707433782,0.5790441176470589
CARR,LSTM_MLP,60,long,H4,Overall,0.15032613995177108,0.17609588210376934,-0.441406073617441,0.5128676470588235
CARR,LSTM_MLP,60,long,H4,HighVol,0.15032613995177108,0.17609588210376934,-0.441406073617441,0.5128676470588235
IWG,SVR,5,short,H4,Overall,0.05426153851623063,0.06812206496043398,-0.6252611539491137,0.5045045045045045
IWG,SVR,5,short,H4,HighVol,0.05426153851623063,0.06812206496043398,-0.6252611539491137,0.5045045045045045
IWG,RF,5,short,H4,Overall,0.045076623453122154,0.06216783155837021,-0.35356459326446377,0.47927927927927927
IWG,RF,5,short,H4,HighVol,0.045076623453122154,0.06216783155837021,-0.35356459326446377,0.47927927927927927
IWG,LSTM_MLP,5,short,H4,Overall,0.06147137898657318,0.07947694990496448,-1.2122282330060141,0.47927927927927927
IWG,LSTM_MLP,5,short,H4,HighVol,0.06147137898657318,0.07947694990496448,-1.2122282330060141,0.47927927927927927
IWG,SVR,10,short,H4,Overall,0.0922470460131447,0.11545362069986322,-1.2780411615318261,0.5090252707581228
IWG,SVR,10,short,H4,HighVol,0.0922470460131447,0.11545362069986322,-1.2780411615318261,0.5090252707581228
IWG,RF,10,short,H4,Overall,0.07381199587498752,0.09771718908463455,-0.6318806163239603,0.44765342960288806
IWG,RF,10,short,H4,HighVol,0.07381199587498752,0.09771718908463455,-0.6318806163239603,0.44765342960288806
IWG,LSTM_MLP,10,short,H4,Overall,0.08906689864041072,0.11148410814404332,-1.1240873885434866,0.4855595667870036
IWG,LSTM_MLP,10,short,H4,HighVol,0.08906689864041072,0.11148410814404332,-1.1240873885434866,0.4855595667870036
IWG,SVR,30,medium,H4,Overall,0.17121101740982064,0.21908894143762123,-2.1944063438048103,0.5545454545454546
IWG,SVR,30,medium,H4,HighVol,0.17121101740982064,0.21908894143762123,-2.1944063438048103,0.5545454545454546
IWG,RF,30,medium,H4,Overall,0.12912003505299588,0.17749333201984543,-1.0965891324699601,0.4909090909090909
IWG,RF,30,medium,H4,HighVol,0.12912003505299588,0.17749333201984543,-1.0965891324699601,0.4909090909090909
IWG,LSTM_MLP,30,medium,H4,Overall,0.14397151351108728,0.1796263814882538,-1.14728400059365,0.5036363636363637
IWG,LSTM_MLP,30,medium,H4,HighVol,0.14397151351108728,0.1796263814882538,-1.14728400059365,0.5036363636363637
IWG,SVR,60,long,H4,Overall,0.20908496896816461,0.25814717432584705,-2.031335798023982,0.5863970588235294
IWG,SVR,60,long,H4,HighVol,0.20908496896816461,0.25814717432584705,-2.031335798023982,0.5863970588235294
IWG,RF,60,long,H4,Overall,0.17133736158576168,0.2049513362240306,-0.9107365239617058,0.3602941176470588
IWG,RF,60,long,H4,HighVol,0.17133736158576168,0.2049513362240306,-0.9107365239617058,0.3602941176470588
IWG,LSTM_MLP,60,long,H4,Overall,0.14095118137766574,0.17417130167239728,-0.37991549747031184,0.5790441176470589
IWG,LSTM_MLP,60,long,H4,HighVol,0.14095118137766574,0.17417130167239728,-0.37991549747031184,0.5790441176470589
ULVR,SVR,5,short,H4,Overall,0.020394129122022677,0.0255171167149635,-0.5786873910966193,0.45045045045045046
ULVR,SVR,5,short,H4,HighVol,0.020394129122022677,0.0255171167149635,-0.5786873910966193,0.45045045045045046
ULVR,RF,5,short,H4,Overall,0.018187329429056157,0.02250050244813959,-0.22748833207346353,0.4810810810810811
ULVR,RF,5,short,H4,HighVol,0.018187329429056157,0.02250050244813959,-0.22748833207346353,0.4810810810810811
ULVR,LSTM_MLP,5,short,H4,Overall,0.04376297292071799,0.054389098453989315,-6.172270496417479,0.4018018018018018
ULVR,LSTM_MLP,5,short,H4,HighVol,0.04376297292071799,0.054389098453989315,-6.172270496417479,0.4018018018018018
ULVR,SVR,10,short,H4,Overall,0.03487807131963137,0.04339106959043128,-1.11859375603846,0.4711191335740072
ULVR,SVR,10,short,H4,HighVol,0.03487807131963137,0.04339106959043128,-1.11859375603846,0.4711191335740072
ULVR,RF,10,short,H4,Overall,0.02717390603797914,0.03357170483554121,-0.2682175796873856,0.5072202166064982
ULVR,RF,10,short,H4,HighVol,0.02717390603797914,0.03357170483554121,-0.2682175796873856,0.5072202166064982
ULVR,LSTM_MLP,10,short,H4,Overall,0.04980878424877995,0.06223957462805352,-3.358933148201288,0.44765342960288806
ULVR,LSTM_MLP,10,short,H4,HighVol,0.04980878424877995,0.06223957462805352,-3.358933148201288,0.44765342960288806
ULVR,SVR,30,medium,H4,Overall,0.04437946085079324,0.05781844808747955,-0.5634255765309042,0.5945454545454546
ULVR,SVR,30,medium,H4,HighVol,0.04437946085079324,0.05781844808747955,-0.5634255765309042,0.5945454545454546
ULVR,RF,30,medium,H4,Overall,0.03770860222483891,0.050236935193503675,-0.18029515500694382,0.6127272727272727
ULVR,RF,30,medium,H4,HighVol,0.03770860222483891,0.050236935193503675,-0.18029515500694382,0.6127272727272727
ULVR,LSTM_MLP,30,medium,H4,Overall,0.058074879357830796,0.07186583842984022,-1.4154015725965392,0.56
ULVR,LSTM_MLP,30,medium,H4,HighVol,0.058074879357830796,0.07186583842984022,-1.4154015725965392,0.56
ULVR,SVR,60,long,H4,Overall,0.061101859404101656,0.0749588481400153,-0.477235378930678,0.53125
ULVR,SVR,60,long,H4,HighVol,0.061101859404101656,0.0749588481400153,-0.477235378930678,0.53125
ULVR,RF,60,long,H4,Overall,0.05730749504218276,0.07137673052035998,-0.3394212759284867,0.4834558823529412
ULVR,RF,60,long,H4,HighVol,0.05730749504218276,0.07137673052035998,-0.3394212759284867,0.4834558823529412
ULVR,LSTM_MLP,60,long,H4,Overall,0.06344533814949745,0.08113599061459385,-0.7307365987080345,0.5716911764705882
ULVR,LSTM_MLP,60,long,H4,HighVol,0.06344533814949745,0.08113599061459385,-0.7307365987080345,0.5716911764705882
JUSC,SVR,5,short,H4,Overall,0.046020471933712656,0.056372542097688876,-2.116462261844024,0.5081081081081081
JUSC,SVR,5,short,H4,HighVol,0.046020471933712656,0.056372542097688876,-2.116462261844024,0.5081081081081081
JUSC,RF,5,short,H4,Overall,0.0255202543622805,0.034186812099679206,-0.146156292372162,0.4936936936936937
JUSC,RF,5,short,H4,HighVol,0.0255202543622805,0.034186812099679206,-0.146156292372162,0.4936936936936937
JUSC,LSTM_MLP,5,short,H4,Overall,0.0442477225301064,0.05809809826370971,-2.3101712824381706,0.4900900900900901
JUSC,LSTM_MLP,5,short,H4,HighVol,0.0442477225301064,0.05809809826370971,-2.3101712824381706,0.4900900900900901
JUSC,SVR,10,short,H4,Overall,0.06294479232368291,0.07680670914812435,-2.0660869198359606,0.4332129963898917
JUSC,SVR,10,short,H4,HighVol,0.06294479232368291,0.07680670914812435,-2.0660869198359606,0.4332129963898917
JUSC,RF,10,short,H4,Overall,0.064721332636396,0.07907610471626662,-2.2499500231227203,0.45306859205776173
JUSC,RF,10,short,H4,HighVol,0.064721332636396,0.07907610471626662,-2.2499500231227203,0.45306859205776173
JUSC,LSTM_MLP,10,short,H4,Overall,0.04931173134657163,0.06711550468426167,-1.3411641619712675,0.463898916967509
JUSC,LSTM_MLP,10,short,H4,HighVol,0.04931173134657163,0.06711550468426167,-1.3411641619712675,0.463898916967509
JUSC,SVR,30,medium,H4,Overall,0.15113347970452207,0.19673876119446385,-5.656976670846016,0.47454545454545455
JUSC,SVR,30,medium,H4,HighVol,0.15113347970452207,0.19673876119446385,-5.656976670846016,0.47454545454545455
JUSC,RF,30,medium,H4,Overall,0.21098928664562175,0.2810072625137729,-12.581015926746284,0.3890909090909091
JUSC,RF,30,medium,H4,HighVol,0.21098928664562175,0.2810072625137729,-12.581015926746284,0.3890909090909091
JUSC,LSTM_MLP,30,medium,H4,Overall,0.0805661435766133,0.10483023827645338,-0.8900370427874231,0.48727272727272725
JUSC,LSTM_MLP,30,medium,H4,HighVol,0.0805661435766133,0.10483023827645338,-0.8900370427874231,0.48727272727272725
JUSC,SVR,60,long,H4,Overall,0.11551126893429922,0.1489445130065189,-1.8713487797510986,0.5404411764705882
JUSC,SVR,60,long,H4,HighVol,0.11551126893429922,0.1489445130065189,-1.8713487797510986,0.5404411764705882
JUSC,RF,60,long,H4,Overall,0.17510171145098372,0.22607802571857724,-5.6153623204375105,0.41911764705882354
JUSC,RF,60,long,H4,HighVol,0.17510171145098372,0.22607802571857724,-5.6153623204375105,0.41911764705882354
JUSC,LSTM_MLP,60,long,H4,Overall,0.10596942647931927,0.13732955961757284,-1.4409843003429939,0.5330882352941176
JUSC,LSTM_MLP,60,long,H4,HighVol,0.10596942647931927,0.13732955961757284,-1.4409843003429939,0.5330882352941176
